id,file_name,pred_label,probability,probability_pct,src_path,dst_path
00105,00105.png,0,1.0,100.0,D:\quantization-demo - Copy\test\00105.png,D:\quantization-demo - Copy\arguemted_data\0\pseudo_00105_c0_p10000.png
00252,00252.png,0,1.0,100.0,D:\quantization-demo - Copy\test\00252.png,D:\quantization-demo - Copy\arguemted_data\0\pseudo_00252_c0_p10000.png
00254,00254.png,0,1.0,100.0,D:\quantization-demo - Copy\test\00254.png,D:\quantization-demo - Copy\arguemted_data\0\pseudo_00254_c0_p10000.png
00263,00263.png,0,1.0,100.0,D:\quantization-demo - Copy\test\00263.png,D:\quantization-demo - Copy\arguemted_data\0\pseudo_00263_c0_p10000.png
00306,00306.png,0,1.0,100.0,D:\quantization-demo - Copy\test\00306.png,D:\quantization-demo - Copy\arguemted_data\0\pseudo_00306_c0_p10000.png
00311,00311.png,0,1.0,100.0,D:\quantization-demo - Copy\test\00311.png,D:\quantization-demo - Copy\arguemted_data\0\pseudo_00311_c0_p10000.png
00377,00377.png,0,1.0,100.0,D:\quantization-demo - Copy\test\00377.png,D:\quantization-demo - Copy\arguemted_data\0\pseudo_00377_c0_p10000.png
00447,00447.png,0,1.0,100.0,D:\quantization-demo - Copy\test\00447.png,D:\quantization-demo - Copy\arguemted_data\0\pseudo_00447_c0_p10000.png
00463,00463.png,0,1.0,100.0,D:\quantization-demo - Copy\test\00463.png,D:\quantization-demo - Copy\arguemted_data\0\pseudo_00463_c0_p10000.png
00514,00514.png,0,1.0,100.0,D:\quantization-demo - Copy\test\00514.png,D:\quantization-demo - Copy\arguemted_data\0\pseudo_00514_c0_p10000.png
00526,00526.png,0,1.0,100.0,D:\quantization-demo - Copy\test\00526.png,D:\quantization-demo - Copy\arguemted_data\0\pseudo_00526_c0_p10000.png
00534,00534.png,0,1.0,100.0,D:\quantization-demo - Copy\test\00534.png,D:\quantization-demo - Copy\arguemted_data\0\pseudo_00534_c0_p10000.png
00538,00538.png,0,1.0,100.0,D:\quantization-demo - Copy\test\00538.png,D:\quantization-demo - Copy\arguemted_data\0\pseudo_00538_c0_p10000.png
00599,00599.png,0,1.0,100.0,D:\quantization-demo - Copy\test\00599.png,D:\quantization-demo - Copy\arguemted_data\0\pseudo_00599_c0_p10000.png
00613,00613.png,0,1.0,100.0,D:\quantization-demo - Copy\test\00613.png,D:\quantization-demo - Copy\arguemted_data\0\pseudo_00613_c0_p10000.png
00680,00680.png,0,1.0,100.0,D:\quantization-demo - Copy\test\00680.png,D:\quantization-demo - Copy\arguemted_data\0\pseudo_00680_c0_p10000.png
00694,00694.png,0,1.0,100.0,D:\quantization-demo - Copy\test\00694.png,D:\quantization-demo - Copy\arguemted_data\0\pseudo_00694_c0_p10000.png
00741,00741.png,0,1.0,100.0,D:\quantization-demo - Copy\test\00741.png,D:\quantization-demo - Copy\arguemted_data\0\pseudo_00741_c0_p10000.png
00754,00754.png,0,1.0,100.0,D:\quantization-demo - Copy\test\00754.png,D:\quantization-demo - Copy\arguemted_data\0\pseudo_00754_c0_p10000.png
00792,00792.png,0,1.0,100.0,D:\quantization-demo - Copy\test\00792.png,D:\quantization-demo - Copy\arguemted_data\0\pseudo_00792_c0_p10000.png
00798,00798.png,0,1.0,100.0,D:\quantization-demo - Copy\test\00798.png,D:\quantization-demo - Copy\arguemted_data\0\pseudo_00798_c0_p10000.png
00811,00811.png,0,1.0,100.0,D:\quantization-demo - Copy\test\00811.png,D:\quantization-demo - Copy\arguemted_data\0\pseudo_00811_c0_p10000.png
00812,00812.png,0,1.0,100.0,D:\quantization-demo - Copy\test\00812.png,D:\quantization-demo - Copy\arguemted_data\0\pseudo_00812_c0_p10000.png
00841,00841.png,0,1.0,100.0,D:\quantization-demo - Copy\test\00841.png,D:\quantization-demo - Copy\arguemted_data\0\pseudo_00841_c0_p10000.png
00866,00866.png,0,1.0,100.0,D:\quantization-demo - Copy\test\00866.png,D:\quantization-demo - Copy\arguemted_data\0\pseudo_00866_c0_p10000.png
00890,00890.png,0,1.0,100.0,D:\quantization-demo - Copy\test\00890.png,D:\quantization-demo - Copy\arguemted_data\0\pseudo_00890_c0_p10000.png
00903,00903.png,0,1.0,100.0,D:\quantization-demo - Copy\test\00903.png,D:\quantization-demo - Copy\arguemted_data\0\pseudo_00903_c0_p10000.png
00932,00932.png,0,1.0,100.0,D:\quantization-demo - Copy\test\00932.png,D:\quantization-demo - Copy\arguemted_data\0\pseudo_00932_c0_p10000.png
00944,00944.png,0,1.0,100.0,D:\quantization-demo - Copy\test\00944.png,D:\quantization-demo - Copy\arguemted_data\0\pseudo_00944_c0_p10000.png
00968,00968.png,0,1.0,100.0,D:\quantization-demo - Copy\test\00968.png,D:\quantization-demo - Copy\arguemted_data\0\pseudo_00968_c0_p10000.png
01018,01018.png,0,1.0,100.0,D:\quantization-demo - Copy\test\01018.png,D:\quantization-demo - Copy\arguemted_data\0\pseudo_01018_c0_p10000.png
01032,01032.png,0,1.0,100.0,D:\quantization-demo - Copy\test\01032.png,D:\quantization-demo - Copy\arguemted_data\0\pseudo_01032_c0_p10000.png
01084,01084.png,0,1.0,100.0,D:\quantization-demo - Copy\test\01084.png,D:\quantization-demo - Copy\arguemted_data\0\pseudo_01084_c0_p10000.png
01190,01190.png,0,1.0,100.0,D:\quantization-demo - Copy\test\01190.png,D:\quantization-demo - Copy\arguemted_data\0\pseudo_01190_c0_p10000.png
01210,01210.png,0,1.0,100.0,D:\quantization-demo - Copy\test\01210.png,D:\quantization-demo - Copy\arguemted_data\0\pseudo_01210_c0_p10000.png
01226,01226.png,0,1.0,100.0,D:\quantization-demo - Copy\test\01226.png,D:\quantization-demo - Copy\arguemted_data\0\pseudo_01226_c0_p10000.png
01278,01278.png,0,1.0,100.0,D:\quantization-demo - Copy\test\01278.png,D:\quantization-demo - Copy\arguemted_data\0\pseudo_01278_c0_p10000.png
01293,01293.png,0,1.0,100.0,D:\quantization-demo - Copy\test\01293.png,D:\quantization-demo - Copy\arguemted_data\0\pseudo_01293_c0_p10000.png
01299,01299.png,0,1.0,100.0,D:\quantization-demo - Copy\test\01299.png,D:\quantization-demo - Copy\arguemted_data\0\pseudo_01299_c0_p10000.png
01316,01316.png,0,1.0,100.0,D:\quantization-demo - Copy\test\01316.png,D:\quantization-demo - Copy\arguemted_data\0\pseudo_01316_c0_p10000.png
01356,01356.png,0,1.0,100.0,D:\quantization-demo - Copy\test\01356.png,D:\quantization-demo - Copy\arguemted_data\0\pseudo_01356_c0_p10000.png
01357,01357.png,0,1.0,100.0,D:\quantization-demo - Copy\test\01357.png,D:\quantization-demo - Copy\arguemted_data\0\pseudo_01357_c0_p10000.png
01359,01359.png,0,1.0,100.0,D:\quantization-demo - Copy\test\01359.png,D:\quantization-demo - Copy\arguemted_data\0\pseudo_01359_c0_p10000.png
01374,01374.png,0,1.0,100.0,D:\quantization-demo - Copy\test\01374.png,D:\quantization-demo - Copy\arguemted_data\0\pseudo_01374_c0_p10000.png
01410,01410.png,0,1.0,100.0,D:\quantization-demo - Copy\test\01410.png,D:\quantization-demo - Copy\arguemted_data\0\pseudo_01410_c0_p10000.png
01417,01417.png,0,1.0,100.0,D:\quantization-demo - Copy\test\01417.png,D:\quantization-demo - Copy\arguemted_data\0\pseudo_01417_c0_p10000.png
01421,01421.png,0,1.0,100.0,D:\quantization-demo - Copy\test\01421.png,D:\quantization-demo - Copy\arguemted_data\0\pseudo_01421_c0_p10000.png
01459,01459.png,0,1.0,100.0,D:\quantization-demo - Copy\test\01459.png,D:\quantization-demo - Copy\arguemted_data\0\pseudo_01459_c0_p10000.png
01462,01462.png,0,1.0,100.0,D:\quantization-demo - Copy\test\01462.png,D:\quantization-demo - Copy\arguemted_data\0\pseudo_01462_c0_p10000.png
01533,01533.png,0,1.0,100.0,D:\quantization-demo - Copy\test\01533.png,D:\quantization-demo - Copy\arguemted_data\0\pseudo_01533_c0_p10000.png
01586,01586.png,0,1.0,100.0,D:\quantization-demo - Copy\test\01586.png,D:\quantization-demo - Copy\arguemted_data\0\pseudo_01586_c0_p10000.png
01596,01596.png,0,1.0,100.0,D:\quantization-demo - Copy\test\01596.png,D:\quantization-demo - Copy\arguemted_data\0\pseudo_01596_c0_p10000.png
01620,01620.png,0,1.0,100.0,D:\quantization-demo - Copy\test\01620.png,D:\quantization-demo - Copy\arguemted_data\0\pseudo_01620_c0_p10000.png
01628,01628.png,0,1.0,100.0,D:\quantization-demo - Copy\test\01628.png,D:\quantization-demo - Copy\arguemted_data\0\pseudo_01628_c0_p10000.png
01641,01641.png,0,1.0,100.0,D:\quantization-demo - Copy\test\01641.png,D:\quantization-demo - Copy\arguemted_data\0\pseudo_01641_c0_p10000.png
01642,01642.png,0,1.0,100.0,D:\quantization-demo - Copy\test\01642.png,D:\quantization-demo - Copy\arguemted_data\0\pseudo_01642_c0_p10000.png
01659,01659.png,0,1.0,100.0,D:\quantization-demo - Copy\test\01659.png,D:\quantization-demo - Copy\arguemted_data\0\pseudo_01659_c0_p10000.png
01721,01721.png,0,1.0,100.0,D:\quantization-demo - Copy\test\01721.png,D:\quantization-demo - Copy\arguemted_data\0\pseudo_01721_c0_p10000.png
01729,01729.png,0,1.0,100.0,D:\quantization-demo - Copy\test\01729.png,D:\quantization-demo - Copy\arguemted_data\0\pseudo_01729_c0_p10000.png
01767,01767.png,0,1.0,100.0,D:\quantization-demo - Copy\test\01767.png,D:\quantization-demo - Copy\arguemted_data\0\pseudo_01767_c0_p10000.png
01780,01780.png,0,1.0,100.0,D:\quantization-demo - Copy\test\01780.png,D:\quantization-demo - Copy\arguemted_data\0\pseudo_01780_c0_p10000.png
01791,01791.png,0,1.0,100.0,D:\quantization-demo - Copy\test\01791.png,D:\quantization-demo - Copy\arguemted_data\0\pseudo_01791_c0_p10000.png
01835,01835.png,0,1.0,100.0,D:\quantization-demo - Copy\test\01835.png,D:\quantization-demo - Copy\arguemted_data\0\pseudo_01835_c0_p10000.png
01869,01869.png,0,1.0,100.0,D:\quantization-demo - Copy\test\01869.png,D:\quantization-demo - Copy\arguemted_data\0\pseudo_01869_c0_p10000.png
01916,01916.png,0,1.0,100.0,D:\quantization-demo - Copy\test\01916.png,D:\quantization-demo - Copy\arguemted_data\0\pseudo_01916_c0_p10000.png
01926,01926.png,0,1.0,100.0,D:\quantization-demo - Copy\test\01926.png,D:\quantization-demo - Copy\arguemted_data\0\pseudo_01926_c0_p10000.png
02079,02079.png,0,1.0,100.0,D:\quantization-demo - Copy\test\02079.png,D:\quantization-demo - Copy\arguemted_data\0\pseudo_02079_c0_p10000.png
02126,02126.png,0,1.0,100.0,D:\quantization-demo - Copy\test\02126.png,D:\quantization-demo - Copy\arguemted_data\0\pseudo_02126_c0_p10000.png
02210,02210.png,0,1.0,100.0,D:\quantization-demo - Copy\test\02210.png,D:\quantization-demo - Copy\arguemted_data\0\pseudo_02210_c0_p10000.png
02244,02244.png,0,1.0,100.0,D:\quantization-demo - Copy\test\02244.png,D:\quantization-demo - Copy\arguemted_data\0\pseudo_02244_c0_p10000.png
02247,02247.png,0,1.0,100.0,D:\quantization-demo - Copy\test\02247.png,D:\quantization-demo - Copy\arguemted_data\0\pseudo_02247_c0_p10000.png
02248,02248.png,0,1.0,100.0,D:\quantization-demo - Copy\test\02248.png,D:\quantization-demo - Copy\arguemted_data\0\pseudo_02248_c0_p10000.png
02249,02249.png,0,1.0,100.0,D:\quantization-demo - Copy\test\02249.png,D:\quantization-demo - Copy\arguemted_data\0\pseudo_02249_c0_p10000.png
02287,02287.png,0,1.0,100.0,D:\quantization-demo - Copy\test\02287.png,D:\quantization-demo - Copy\arguemted_data\0\pseudo_02287_c0_p10000.png
02307,02307.png,0,1.0,100.0,D:\quantization-demo - Copy\test\02307.png,D:\quantization-demo - Copy\arguemted_data\0\pseudo_02307_c0_p10000.png
02344,02344.png,0,1.0,100.0,D:\quantization-demo - Copy\test\02344.png,D:\quantization-demo - Copy\arguemted_data\0\pseudo_02344_c0_p10000.png
02349,02349.png,0,1.0,100.0,D:\quantization-demo - Copy\test\02349.png,D:\quantization-demo - Copy\arguemted_data\0\pseudo_02349_c0_p10000.png
02382,02382.png,0,1.0,100.0,D:\quantization-demo - Copy\test\02382.png,D:\quantization-demo - Copy\arguemted_data\0\pseudo_02382_c0_p10000.png
02400,02400.png,0,1.0,100.0,D:\quantization-demo - Copy\test\02400.png,D:\quantization-demo - Copy\arguemted_data\0\pseudo_02400_c0_p10000.png
02416,02416.png,0,1.0,100.0,D:\quantization-demo - Copy\test\02416.png,D:\quantization-demo - Copy\arguemted_data\0\pseudo_02416_c0_p10000.png
02428,02428.png,0,1.0,100.0,D:\quantization-demo - Copy\test\02428.png,D:\quantization-demo - Copy\arguemted_data\0\pseudo_02428_c0_p10000.png
02490,02490.png,0,1.0,100.0,D:\quantization-demo - Copy\test\02490.png,D:\quantization-demo - Copy\arguemted_data\0\pseudo_02490_c0_p10000.png
02505,02505.png,0,1.0,100.0,D:\quantization-demo - Copy\test\02505.png,D:\quantization-demo - Copy\arguemted_data\0\pseudo_02505_c0_p10000.png
02510,02510.png,0,1.0,100.0,D:\quantization-demo - Copy\test\02510.png,D:\quantization-demo - Copy\arguemted_data\0\pseudo_02510_c0_p10000.png
02515,02515.png,0,1.0,100.0,D:\quantization-demo - Copy\test\02515.png,D:\quantization-demo - Copy\arguemted_data\0\pseudo_02515_c0_p10000.png
02519,02519.png,0,1.0,100.0,D:\quantization-demo - Copy\test\02519.png,D:\quantization-demo - Copy\arguemted_data\0\pseudo_02519_c0_p10000.png
02533,02533.png,0,1.0,100.0,D:\quantization-demo - Copy\test\02533.png,D:\quantization-demo - Copy\arguemted_data\0\pseudo_02533_c0_p10000.png
02551,02551.png,0,1.0,100.0,D:\quantization-demo - Copy\test\02551.png,D:\quantization-demo - Copy\arguemted_data\0\pseudo_02551_c0_p10000.png
02586,02586.png,0,1.0,100.0,D:\quantization-demo - Copy\test\02586.png,D:\quantization-demo - Copy\arguemted_data\0\pseudo_02586_c0_p10000.png
02644,02644.png,0,1.0,100.0,D:\quantization-demo - Copy\test\02644.png,D:\quantization-demo - Copy\arguemted_data\0\pseudo_02644_c0_p10000.png
02678,02678.png,0,1.0,100.0,D:\quantization-demo - Copy\test\02678.png,D:\quantization-demo - Copy\arguemted_data\0\pseudo_02678_c0_p10000.png
02689,02689.png,0,1.0,100.0,D:\quantization-demo - Copy\test\02689.png,D:\quantization-demo - Copy\arguemted_data\0\pseudo_02689_c0_p10000.png
02725,02725.png,0,1.0,100.0,D:\quantization-demo - Copy\test\02725.png,D:\quantization-demo - Copy\arguemted_data\0\pseudo_02725_c0_p10000.png
02727,02727.png,0,1.0,100.0,D:\quantization-demo - Copy\test\02727.png,D:\quantization-demo - Copy\arguemted_data\0\pseudo_02727_c0_p10000.png
02746,02746.png,0,1.0,100.0,D:\quantization-demo - Copy\test\02746.png,D:\quantization-demo - Copy\arguemted_data\0\pseudo_02746_c0_p10000.png
02768,02768.png,0,1.0,100.0,D:\quantization-demo - Copy\test\02768.png,D:\quantization-demo - Copy\arguemted_data\0\pseudo_02768_c0_p10000.png
02771,02771.png,0,1.0,100.0,D:\quantization-demo - Copy\test\02771.png,D:\quantization-demo - Copy\arguemted_data\0\pseudo_02771_c0_p10000.png
02786,02786.png,0,1.0,100.0,D:\quantization-demo - Copy\test\02786.png,D:\quantization-demo - Copy\arguemted_data\0\pseudo_02786_c0_p10000.png
02788,02788.png,0,1.0,100.0,D:\quantization-demo - Copy\test\02788.png,D:\quantization-demo - Copy\arguemted_data\0\pseudo_02788_c0_p10000.png
02792,02792.png,0,1.0,100.0,D:\quantization-demo - Copy\test\02792.png,D:\quantization-demo - Copy\arguemted_data\0\pseudo_02792_c0_p10000.png
02827,02827.png,0,1.0,100.0,D:\quantization-demo - Copy\test\02827.png,D:\quantization-demo - Copy\arguemted_data\0\pseudo_02827_c0_p10000.png
02838,02838.png,0,1.0,100.0,D:\quantization-demo - Copy\test\02838.png,D:\quantization-demo - Copy\arguemted_data\0\pseudo_02838_c0_p10000.png
02855,02855.png,0,1.0,100.0,D:\quantization-demo - Copy\test\02855.png,D:\quantization-demo - Copy\arguemted_data\0\pseudo_02855_c0_p10000.png
02897,02897.png,0,1.0,100.0,D:\quantization-demo - Copy\test\02897.png,D:\quantization-demo - Copy\arguemted_data\0\pseudo_02897_c0_p10000.png
02931,02931.png,0,1.0,100.0,D:\quantization-demo - Copy\test\02931.png,D:\quantization-demo - Copy\arguemted_data\0\pseudo_02931_c0_p10000.png
02953,02953.png,0,1.0,100.0,D:\quantization-demo - Copy\test\02953.png,D:\quantization-demo - Copy\arguemted_data\0\pseudo_02953_c0_p10000.png
03023,03023.png,0,1.0,100.0,D:\quantization-demo - Copy\test\03023.png,D:\quantization-demo - Copy\arguemted_data\0\pseudo_03023_c0_p10000.png
03038,03038.png,0,1.0,100.0,D:\quantization-demo - Copy\test\03038.png,D:\quantization-demo - Copy\arguemted_data\0\pseudo_03038_c0_p10000.png
03074,03074.png,0,1.0,100.0,D:\quantization-demo - Copy\test\03074.png,D:\quantization-demo - Copy\arguemted_data\0\pseudo_03074_c0_p10000.png
03075,03075.png,0,1.0,100.0,D:\quantization-demo - Copy\test\03075.png,D:\quantization-demo - Copy\arguemted_data\0\pseudo_03075_c0_p10000.png
03076,03076.png,0,1.0,100.0,D:\quantization-demo - Copy\test\03076.png,D:\quantization-demo - Copy\arguemted_data\0\pseudo_03076_c0_p10000.png
00045,00045.png,1,1.0,100.0,D:\quantization-demo - Copy\test\00045.png,D:\quantization-demo - Copy\arguemted_data\1\pseudo_00045_c1_p10000.png
00049,00049.png,1,1.0,100.0,D:\quantization-demo - Copy\test\00049.png,D:\quantization-demo - Copy\arguemted_data\1\pseudo_00049_c1_p10000.png
00085,00085.png,1,1.0,100.0,D:\quantization-demo - Copy\test\00085.png,D:\quantization-demo - Copy\arguemted_data\1\pseudo_00085_c1_p10000.png
00134,00134.png,1,1.0,100.0,D:\quantization-demo - Copy\test\00134.png,D:\quantization-demo - Copy\arguemted_data\1\pseudo_00134_c1_p10000.png
00178,00178.png,1,1.0,100.0,D:\quantization-demo - Copy\test\00178.png,D:\quantization-demo - Copy\arguemted_data\1\pseudo_00178_c1_p10000.png
00196,00196.png,1,1.0,100.0,D:\quantization-demo - Copy\test\00196.png,D:\quantization-demo - Copy\arguemted_data\1\pseudo_00196_c1_p10000.png
00207,00207.png,1,1.0,100.0,D:\quantization-demo - Copy\test\00207.png,D:\quantization-demo - Copy\arguemted_data\1\pseudo_00207_c1_p10000.png
00213,00213.png,1,1.0,100.0,D:\quantization-demo - Copy\test\00213.png,D:\quantization-demo - Copy\arguemted_data\1\pseudo_00213_c1_p10000.png
00226,00226.png,1,1.0,100.0,D:\quantization-demo - Copy\test\00226.png,D:\quantization-demo - Copy\arguemted_data\1\pseudo_00226_c1_p10000.png
00243,00243.png,1,1.0,100.0,D:\quantization-demo - Copy\test\00243.png,D:\quantization-demo - Copy\arguemted_data\1\pseudo_00243_c1_p10000.png
00246,00246.png,1,1.0,100.0,D:\quantization-demo - Copy\test\00246.png,D:\quantization-demo - Copy\arguemted_data\1\pseudo_00246_c1_p10000.png
00300,00300.png,1,1.0,100.0,D:\quantization-demo - Copy\test\00300.png,D:\quantization-demo - Copy\arguemted_data\1\pseudo_00300_c1_p10000.png
00318,00318.png,1,1.0,100.0,D:\quantization-demo - Copy\test\00318.png,D:\quantization-demo - Copy\arguemted_data\1\pseudo_00318_c1_p10000.png
00321,00321.png,1,1.0,100.0,D:\quantization-demo - Copy\test\00321.png,D:\quantization-demo - Copy\arguemted_data\1\pseudo_00321_c1_p10000.png
00322,00322.png,1,1.0,100.0,D:\quantization-demo - Copy\test\00322.png,D:\quantization-demo - Copy\arguemted_data\1\pseudo_00322_c1_p10000.png
00348,00348.png,1,1.0,100.0,D:\quantization-demo - Copy\test\00348.png,D:\quantization-demo - Copy\arguemted_data\1\pseudo_00348_c1_p10000.png
00354,00354.png,1,1.0,100.0,D:\quantization-demo - Copy\test\00354.png,D:\quantization-demo - Copy\arguemted_data\1\pseudo_00354_c1_p10000.png
00367,00367.png,1,1.0,100.0,D:\quantization-demo - Copy\test\00367.png,D:\quantization-demo - Copy\arguemted_data\1\pseudo_00367_c1_p10000.png
00429,00429.png,1,1.0,100.0,D:\quantization-demo - Copy\test\00429.png,D:\quantization-demo - Copy\arguemted_data\1\pseudo_00429_c1_p10000.png
00432,00432.png,1,1.0,100.0,D:\quantization-demo - Copy\test\00432.png,D:\quantization-demo - Copy\arguemted_data\1\pseudo_00432_c1_p10000.png
00483,00483.png,1,1.0,100.0,D:\quantization-demo - Copy\test\00483.png,D:\quantization-demo - Copy\arguemted_data\1\pseudo_00483_c1_p10000.png
00533,00533.png,1,1.0,100.0,D:\quantization-demo - Copy\test\00533.png,D:\quantization-demo - Copy\arguemted_data\1\pseudo_00533_c1_p10000.png
00553,00553.png,1,1.0,100.0,D:\quantization-demo - Copy\test\00553.png,D:\quantization-demo - Copy\arguemted_data\1\pseudo_00553_c1_p10000.png
00568,00568.png,1,1.0,100.0,D:\quantization-demo - Copy\test\00568.png,D:\quantization-demo - Copy\arguemted_data\1\pseudo_00568_c1_p10000.png
00583,00583.png,1,1.0,100.0,D:\quantization-demo - Copy\test\00583.png,D:\quantization-demo - Copy\arguemted_data\1\pseudo_00583_c1_p10000.png
00605,00605.png,1,1.0,100.0,D:\quantization-demo - Copy\test\00605.png,D:\quantization-demo - Copy\arguemted_data\1\pseudo_00605_c1_p10000.png
00607,00607.png,1,1.0,100.0,D:\quantization-demo - Copy\test\00607.png,D:\quantization-demo - Copy\arguemted_data\1\pseudo_00607_c1_p10000.png
00629,00629.png,1,1.0,100.0,D:\quantization-demo - Copy\test\00629.png,D:\quantization-demo - Copy\arguemted_data\1\pseudo_00629_c1_p10000.png
00637,00637.png,1,1.0,100.0,D:\quantization-demo - Copy\test\00637.png,D:\quantization-demo - Copy\arguemted_data\1\pseudo_00637_c1_p10000.png
00686,00686.png,1,1.0,100.0,D:\quantization-demo - Copy\test\00686.png,D:\quantization-demo - Copy\arguemted_data\1\pseudo_00686_c1_p10000.png
00697,00697.png,1,1.0,100.0,D:\quantization-demo - Copy\test\00697.png,D:\quantization-demo - Copy\arguemted_data\1\pseudo_00697_c1_p10000.png
00744,00744.png,1,1.0,100.0,D:\quantization-demo - Copy\test\00744.png,D:\quantization-demo - Copy\arguemted_data\1\pseudo_00744_c1_p10000.png
00756,00756.png,1,1.0,100.0,D:\quantization-demo - Copy\test\00756.png,D:\quantization-demo - Copy\arguemted_data\1\pseudo_00756_c1_p10000.png
00801,00801.png,1,1.0,100.0,D:\quantization-demo - Copy\test\00801.png,D:\quantization-demo - Copy\arguemted_data\1\pseudo_00801_c1_p10000.png
00808,00808.png,1,1.0,100.0,D:\quantization-demo - Copy\test\00808.png,D:\quantization-demo - Copy\arguemted_data\1\pseudo_00808_c1_p10000.png
00810,00810.png,1,1.0,100.0,D:\quantization-demo - Copy\test\00810.png,D:\quantization-demo - Copy\arguemted_data\1\pseudo_00810_c1_p10000.png
00817,00817.png,1,1.0,100.0,D:\quantization-demo - Copy\test\00817.png,D:\quantization-demo - Copy\arguemted_data\1\pseudo_00817_c1_p10000.png
00834,00834.png,1,1.0,100.0,D:\quantization-demo - Copy\test\00834.png,D:\quantization-demo - Copy\arguemted_data\1\pseudo_00834_c1_p10000.png
00839,00839.png,1,1.0,100.0,D:\quantization-demo - Copy\test\00839.png,D:\quantization-demo - Copy\arguemted_data\1\pseudo_00839_c1_p10000.png
00856,00856.png,1,1.0,100.0,D:\quantization-demo - Copy\test\00856.png,D:\quantization-demo - Copy\arguemted_data\1\pseudo_00856_c1_p10000.png
00861,00861.png,1,1.0,100.0,D:\quantization-demo - Copy\test\00861.png,D:\quantization-demo - Copy\arguemted_data\1\pseudo_00861_c1_p10000.png
00867,00867.png,1,1.0,100.0,D:\quantization-demo - Copy\test\00867.png,D:\quantization-demo - Copy\arguemted_data\1\pseudo_00867_c1_p10000.png
00964,00964.png,1,1.0,100.0,D:\quantization-demo - Copy\test\00964.png,D:\quantization-demo - Copy\arguemted_data\1\pseudo_00964_c1_p10000.png
00970,00970.png,1,1.0,100.0,D:\quantization-demo - Copy\test\00970.png,D:\quantization-demo - Copy\arguemted_data\1\pseudo_00970_c1_p10000.png
00986,00986.png,1,1.0,100.0,D:\quantization-demo - Copy\test\00986.png,D:\quantization-demo - Copy\arguemted_data\1\pseudo_00986_c1_p10000.png
01025,01025.png,1,1.0,100.0,D:\quantization-demo - Copy\test\01025.png,D:\quantization-demo - Copy\arguemted_data\1\pseudo_01025_c1_p10000.png
01052,01052.png,1,1.0,100.0,D:\quantization-demo - Copy\test\01052.png,D:\quantization-demo - Copy\arguemted_data\1\pseudo_01052_c1_p10000.png
01068,01068.png,1,1.0,100.0,D:\quantization-demo - Copy\test\01068.png,D:\quantization-demo - Copy\arguemted_data\1\pseudo_01068_c1_p10000.png
01071,01071.png,1,1.0,100.0,D:\quantization-demo - Copy\test\01071.png,D:\quantization-demo - Copy\arguemted_data\1\pseudo_01071_c1_p10000.png
01075,01075.png,1,1.0,100.0,D:\quantization-demo - Copy\test\01075.png,D:\quantization-demo - Copy\arguemted_data\1\pseudo_01075_c1_p10000.png
01105,01105.png,1,1.0,100.0,D:\quantization-demo - Copy\test\01105.png,D:\quantization-demo - Copy\arguemted_data\1\pseudo_01105_c1_p10000.png
01137,01137.png,1,1.0,100.0,D:\quantization-demo - Copy\test\01137.png,D:\quantization-demo - Copy\arguemted_data\1\pseudo_01137_c1_p10000.png
01157,01157.png,1,1.0,100.0,D:\quantization-demo - Copy\test\01157.png,D:\quantization-demo - Copy\arguemted_data\1\pseudo_01157_c1_p10000.png
01170,01170.png,1,1.0,100.0,D:\quantization-demo - Copy\test\01170.png,D:\quantization-demo - Copy\arguemted_data\1\pseudo_01170_c1_p10000.png
01178,01178.png,1,1.0,100.0,D:\quantization-demo - Copy\test\01178.png,D:\quantization-demo - Copy\arguemted_data\1\pseudo_01178_c1_p10000.png
01186,01186.png,1,1.0,100.0,D:\quantization-demo - Copy\test\01186.png,D:\quantization-demo - Copy\arguemted_data\1\pseudo_01186_c1_p10000.png
01213,01213.png,1,1.0,100.0,D:\quantization-demo - Copy\test\01213.png,D:\quantization-demo - Copy\arguemted_data\1\pseudo_01213_c1_p10000.png
01244,01244.png,1,1.0,100.0,D:\quantization-demo - Copy\test\01244.png,D:\quantization-demo - Copy\arguemted_data\1\pseudo_01244_c1_p10000.png
01292,01292.png,1,1.0,100.0,D:\quantization-demo - Copy\test\01292.png,D:\quantization-demo - Copy\arguemted_data\1\pseudo_01292_c1_p10000.png
01313,01313.png,1,1.0,100.0,D:\quantization-demo - Copy\test\01313.png,D:\quantization-demo - Copy\arguemted_data\1\pseudo_01313_c1_p10000.png
01326,01326.png,1,1.0,100.0,D:\quantization-demo - Copy\test\01326.png,D:\quantization-demo - Copy\arguemted_data\1\pseudo_01326_c1_p10000.png
01340,01340.png,1,1.0,100.0,D:\quantization-demo - Copy\test\01340.png,D:\quantization-demo - Copy\arguemted_data\1\pseudo_01340_c1_p10000.png
01345,01345.png,1,1.0,100.0,D:\quantization-demo - Copy\test\01345.png,D:\quantization-demo - Copy\arguemted_data\1\pseudo_01345_c1_p10000.png
01349,01349.png,1,1.0,100.0,D:\quantization-demo - Copy\test\01349.png,D:\quantization-demo - Copy\arguemted_data\1\pseudo_01349_c1_p10000.png
01350,01350.png,1,1.0,100.0,D:\quantization-demo - Copy\test\01350.png,D:\quantization-demo - Copy\arguemted_data\1\pseudo_01350_c1_p10000.png
01370,01370.png,1,1.0,100.0,D:\quantization-demo - Copy\test\01370.png,D:\quantization-demo - Copy\arguemted_data\1\pseudo_01370_c1_p10000.png
01392,01392.png,1,1.0,100.0,D:\quantization-demo - Copy\test\01392.png,D:\quantization-demo - Copy\arguemted_data\1\pseudo_01392_c1_p10000.png
01399,01399.png,1,1.0,100.0,D:\quantization-demo - Copy\test\01399.png,D:\quantization-demo - Copy\arguemted_data\1\pseudo_01399_c1_p10000.png
01419,01419.png,1,1.0,100.0,D:\quantization-demo - Copy\test\01419.png,D:\quantization-demo - Copy\arguemted_data\1\pseudo_01419_c1_p10000.png
01425,01425.png,1,1.0,100.0,D:\quantization-demo - Copy\test\01425.png,D:\quantization-demo - Copy\arguemted_data\1\pseudo_01425_c1_p10000.png
01442,01442.png,1,1.0,100.0,D:\quantization-demo - Copy\test\01442.png,D:\quantization-demo - Copy\arguemted_data\1\pseudo_01442_c1_p10000.png
01454,01454.png,1,1.0,100.0,D:\quantization-demo - Copy\test\01454.png,D:\quantization-demo - Copy\arguemted_data\1\pseudo_01454_c1_p10000.png
01455,01455.png,1,1.0,100.0,D:\quantization-demo - Copy\test\01455.png,D:\quantization-demo - Copy\arguemted_data\1\pseudo_01455_c1_p10000.png
01491,01491.png,1,1.0,100.0,D:\quantization-demo - Copy\test\01491.png,D:\quantization-demo - Copy\arguemted_data\1\pseudo_01491_c1_p10000.png
01498,01498.png,1,1.0,100.0,D:\quantization-demo - Copy\test\01498.png,D:\quantization-demo - Copy\arguemted_data\1\pseudo_01498_c1_p10000.png
01506,01506.png,1,1.0,100.0,D:\quantization-demo - Copy\test\01506.png,D:\quantization-demo - Copy\arguemted_data\1\pseudo_01506_c1_p10000.png
01545,01545.png,1,1.0,100.0,D:\quantization-demo - Copy\test\01545.png,D:\quantization-demo - Copy\arguemted_data\1\pseudo_01545_c1_p10000.png
01565,01565.png,1,1.0,100.0,D:\quantization-demo - Copy\test\01565.png,D:\quantization-demo - Copy\arguemted_data\1\pseudo_01565_c1_p10000.png
01575,01575.png,1,1.0,100.0,D:\quantization-demo - Copy\test\01575.png,D:\quantization-demo - Copy\arguemted_data\1\pseudo_01575_c1_p10000.png
01576,01576.png,1,1.0,100.0,D:\quantization-demo - Copy\test\01576.png,D:\quantization-demo - Copy\arguemted_data\1\pseudo_01576_c1_p10000.png
01591,01591.png,1,1.0,100.0,D:\quantization-demo - Copy\test\01591.png,D:\quantization-demo - Copy\arguemted_data\1\pseudo_01591_c1_p10000.png
01626,01626.png,1,1.0,100.0,D:\quantization-demo - Copy\test\01626.png,D:\quantization-demo - Copy\arguemted_data\1\pseudo_01626_c1_p10000.png
01677,01677.png,1,1.0,100.0,D:\quantization-demo - Copy\test\01677.png,D:\quantization-demo - Copy\arguemted_data\1\pseudo_01677_c1_p10000.png
01694,01694.png,1,1.0,100.0,D:\quantization-demo - Copy\test\01694.png,D:\quantization-demo - Copy\arguemted_data\1\pseudo_01694_c1_p10000.png
01702,01702.png,1,1.0,100.0,D:\quantization-demo - Copy\test\01702.png,D:\quantization-demo - Copy\arguemted_data\1\pseudo_01702_c1_p10000.png
01730,01730.png,1,1.0,100.0,D:\quantization-demo - Copy\test\01730.png,D:\quantization-demo - Copy\arguemted_data\1\pseudo_01730_c1_p10000.png
01737,01737.png,1,1.0,100.0,D:\quantization-demo - Copy\test\01737.png,D:\quantization-demo - Copy\arguemted_data\1\pseudo_01737_c1_p10000.png
01779,01779.png,1,1.0,100.0,D:\quantization-demo - Copy\test\01779.png,D:\quantization-demo - Copy\arguemted_data\1\pseudo_01779_c1_p10000.png
01786,01786.png,1,1.0,100.0,D:\quantization-demo - Copy\test\01786.png,D:\quantization-demo - Copy\arguemted_data\1\pseudo_01786_c1_p10000.png
01872,01872.png,1,1.0,100.0,D:\quantization-demo - Copy\test\01872.png,D:\quantization-demo - Copy\arguemted_data\1\pseudo_01872_c1_p10000.png
01891,01891.png,1,1.0,100.0,D:\quantization-demo - Copy\test\01891.png,D:\quantization-demo - Copy\arguemted_data\1\pseudo_01891_c1_p10000.png
01913,01913.png,1,1.0,100.0,D:\quantization-demo - Copy\test\01913.png,D:\quantization-demo - Copy\arguemted_data\1\pseudo_01913_c1_p10000.png
01938,01938.png,1,1.0,100.0,D:\quantization-demo - Copy\test\01938.png,D:\quantization-demo - Copy\arguemted_data\1\pseudo_01938_c1_p10000.png
01939,01939.png,1,1.0,100.0,D:\quantization-demo - Copy\test\01939.png,D:\quantization-demo - Copy\arguemted_data\1\pseudo_01939_c1_p10000.png
01948,01948.png,1,1.0,100.0,D:\quantization-demo - Copy\test\01948.png,D:\quantization-demo - Copy\arguemted_data\1\pseudo_01948_c1_p10000.png
01960,01960.png,1,1.0,100.0,D:\quantization-demo - Copy\test\01960.png,D:\quantization-demo - Copy\arguemted_data\1\pseudo_01960_c1_p10000.png
01961,01961.png,1,1.0,100.0,D:\quantization-demo - Copy\test\01961.png,D:\quantization-demo - Copy\arguemted_data\1\pseudo_01961_c1_p10000.png
01966,01966.png,1,1.0,100.0,D:\quantization-demo - Copy\test\01966.png,D:\quantization-demo - Copy\arguemted_data\1\pseudo_01966_c1_p10000.png
01967,01967.png,1,1.0,100.0,D:\quantization-demo - Copy\test\01967.png,D:\quantization-demo - Copy\arguemted_data\1\pseudo_01967_c1_p10000.png
02029,02029.png,1,1.0,100.0,D:\quantization-demo - Copy\test\02029.png,D:\quantization-demo - Copy\arguemted_data\1\pseudo_02029_c1_p10000.png
02031,02031.png,1,1.0,100.0,D:\quantization-demo - Copy\test\02031.png,D:\quantization-demo - Copy\arguemted_data\1\pseudo_02031_c1_p10000.png
02059,02059.png,1,1.0,100.0,D:\quantization-demo - Copy\test\02059.png,D:\quantization-demo - Copy\arguemted_data\1\pseudo_02059_c1_p10000.png
02066,02066.png,1,1.0,100.0,D:\quantization-demo - Copy\test\02066.png,D:\quantization-demo - Copy\arguemted_data\1\pseudo_02066_c1_p10000.png
02078,02078.png,1,1.0,100.0,D:\quantization-demo - Copy\test\02078.png,D:\quantization-demo - Copy\arguemted_data\1\pseudo_02078_c1_p10000.png
02130,02130.png,1,1.0,100.0,D:\quantization-demo - Copy\test\02130.png,D:\quantization-demo - Copy\arguemted_data\1\pseudo_02130_c1_p10000.png
02159,02159.png,1,1.0,100.0,D:\quantization-demo - Copy\test\02159.png,D:\quantization-demo - Copy\arguemted_data\1\pseudo_02159_c1_p10000.png
02177,02177.png,1,1.0,100.0,D:\quantization-demo - Copy\test\02177.png,D:\quantization-demo - Copy\arguemted_data\1\pseudo_02177_c1_p10000.png
02181,02181.png,1,1.0,100.0,D:\quantization-demo - Copy\test\02181.png,D:\quantization-demo - Copy\arguemted_data\1\pseudo_02181_c1_p10000.png
02195,02195.png,1,1.0,100.0,D:\quantization-demo - Copy\test\02195.png,D:\quantization-demo - Copy\arguemted_data\1\pseudo_02195_c1_p10000.png
02203,02203.png,1,1.0,100.0,D:\quantization-demo - Copy\test\02203.png,D:\quantization-demo - Copy\arguemted_data\1\pseudo_02203_c1_p10000.png
02213,02213.png,1,1.0,100.0,D:\quantization-demo - Copy\test\02213.png,D:\quantization-demo - Copy\arguemted_data\1\pseudo_02213_c1_p10000.png
02236,02236.png,1,1.0,100.0,D:\quantization-demo - Copy\test\02236.png,D:\quantization-demo - Copy\arguemted_data\1\pseudo_02236_c1_p10000.png
02258,02258.png,1,1.0,100.0,D:\quantization-demo - Copy\test\02258.png,D:\quantization-demo - Copy\arguemted_data\1\pseudo_02258_c1_p10000.png
02260,02260.png,1,1.0,100.0,D:\quantization-demo - Copy\test\02260.png,D:\quantization-demo - Copy\arguemted_data\1\pseudo_02260_c1_p10000.png
02272,02272.png,1,1.0,100.0,D:\quantization-demo - Copy\test\02272.png,D:\quantization-demo - Copy\arguemted_data\1\pseudo_02272_c1_p10000.png
02302,02302.png,1,1.0,100.0,D:\quantization-demo - Copy\test\02302.png,D:\quantization-demo - Copy\arguemted_data\1\pseudo_02302_c1_p10000.png
02308,02308.png,1,1.0,100.0,D:\quantization-demo - Copy\test\02308.png,D:\quantization-demo - Copy\arguemted_data\1\pseudo_02308_c1_p10000.png
02375,02375.png,1,1.0,100.0,D:\quantization-demo - Copy\test\02375.png,D:\quantization-demo - Copy\arguemted_data\1\pseudo_02375_c1_p10000.png
02392,02392.png,1,1.0,100.0,D:\quantization-demo - Copy\test\02392.png,D:\quantization-demo - Copy\arguemted_data\1\pseudo_02392_c1_p10000.png
02403,02403.png,1,1.0,100.0,D:\quantization-demo - Copy\test\02403.png,D:\quantization-demo - Copy\arguemted_data\1\pseudo_02403_c1_p10000.png
02452,02452.png,1,1.0,100.0,D:\quantization-demo - Copy\test\02452.png,D:\quantization-demo - Copy\arguemted_data\1\pseudo_02452_c1_p10000.png
02471,02471.png,1,1.0,100.0,D:\quantization-demo - Copy\test\02471.png,D:\quantization-demo - Copy\arguemted_data\1\pseudo_02471_c1_p10000.png
02488,02488.png,1,1.0,100.0,D:\quantization-demo - Copy\test\02488.png,D:\quantization-demo - Copy\arguemted_data\1\pseudo_02488_c1_p10000.png
02508,02508.png,1,1.0,100.0,D:\quantization-demo - Copy\test\02508.png,D:\quantization-demo - Copy\arguemted_data\1\pseudo_02508_c1_p10000.png
02513,02513.png,1,1.0,100.0,D:\quantization-demo - Copy\test\02513.png,D:\quantization-demo - Copy\arguemted_data\1\pseudo_02513_c1_p10000.png
02522,02522.png,1,1.0,100.0,D:\quantization-demo - Copy\test\02522.png,D:\quantization-demo - Copy\arguemted_data\1\pseudo_02522_c1_p10000.png
02541,02541.png,1,1.0,100.0,D:\quantization-demo - Copy\test\02541.png,D:\quantization-demo - Copy\arguemted_data\1\pseudo_02541_c1_p10000.png
02561,02561.png,1,1.0,100.0,D:\quantization-demo - Copy\test\02561.png,D:\quantization-demo - Copy\arguemted_data\1\pseudo_02561_c1_p10000.png
02578,02578.png,1,1.0,100.0,D:\quantization-demo - Copy\test\02578.png,D:\quantization-demo - Copy\arguemted_data\1\pseudo_02578_c1_p10000.png
02602,02602.png,1,1.0,100.0,D:\quantization-demo - Copy\test\02602.png,D:\quantization-demo - Copy\arguemted_data\1\pseudo_02602_c1_p10000.png
02605,02605.png,1,1.0,100.0,D:\quantization-demo - Copy\test\02605.png,D:\quantization-demo - Copy\arguemted_data\1\pseudo_02605_c1_p10000.png
02631,02631.png,1,1.0,100.0,D:\quantization-demo - Copy\test\02631.png,D:\quantization-demo - Copy\arguemted_data\1\pseudo_02631_c1_p10000.png
02636,02636.png,1,1.0,100.0,D:\quantization-demo - Copy\test\02636.png,D:\quantization-demo - Copy\arguemted_data\1\pseudo_02636_c1_p10000.png
02645,02645.png,1,1.0,100.0,D:\quantization-demo - Copy\test\02645.png,D:\quantization-demo - Copy\arguemted_data\1\pseudo_02645_c1_p10000.png
02646,02646.png,1,1.0,100.0,D:\quantization-demo - Copy\test\02646.png,D:\quantization-demo - Copy\arguemted_data\1\pseudo_02646_c1_p10000.png
02651,02651.png,1,1.0,100.0,D:\quantization-demo - Copy\test\02651.png,D:\quantization-demo - Copy\arguemted_data\1\pseudo_02651_c1_p10000.png
02673,02673.png,1,1.0,100.0,D:\quantization-demo - Copy\test\02673.png,D:\quantization-demo - Copy\arguemted_data\1\pseudo_02673_c1_p10000.png
02713,02713.png,1,1.0,100.0,D:\quantization-demo - Copy\test\02713.png,D:\quantization-demo - Copy\arguemted_data\1\pseudo_02713_c1_p10000.png
02733,02733.png,1,1.0,100.0,D:\quantization-demo - Copy\test\02733.png,D:\quantization-demo - Copy\arguemted_data\1\pseudo_02733_c1_p10000.png
02741,02741.png,1,1.0,100.0,D:\quantization-demo - Copy\test\02741.png,D:\quantization-demo - Copy\arguemted_data\1\pseudo_02741_c1_p10000.png
02761,02761.png,1,1.0,100.0,D:\quantization-demo - Copy\test\02761.png,D:\quantization-demo - Copy\arguemted_data\1\pseudo_02761_c1_p10000.png
02764,02764.png,1,1.0,100.0,D:\quantization-demo - Copy\test\02764.png,D:\quantization-demo - Copy\arguemted_data\1\pseudo_02764_c1_p10000.png
02791,02791.png,1,1.0,100.0,D:\quantization-demo - Copy\test\02791.png,D:\quantization-demo - Copy\arguemted_data\1\pseudo_02791_c1_p10000.png
02798,02798.png,1,1.0,100.0,D:\quantization-demo - Copy\test\02798.png,D:\quantization-demo - Copy\arguemted_data\1\pseudo_02798_c1_p10000.png
02805,02805.png,1,1.0,100.0,D:\quantization-demo - Copy\test\02805.png,D:\quantization-demo - Copy\arguemted_data\1\pseudo_02805_c1_p10000.png
02850,02850.png,1,1.0,100.0,D:\quantization-demo - Copy\test\02850.png,D:\quantization-demo - Copy\arguemted_data\1\pseudo_02850_c1_p10000.png
02896,02896.png,1,1.0,100.0,D:\quantization-demo - Copy\test\02896.png,D:\quantization-demo - Copy\arguemted_data\1\pseudo_02896_c1_p10000.png
02903,02903.png,1,1.0,100.0,D:\quantization-demo - Copy\test\02903.png,D:\quantization-demo - Copy\arguemted_data\1\pseudo_02903_c1_p10000.png
02963,02963.png,1,1.0,100.0,D:\quantization-demo - Copy\test\02963.png,D:\quantization-demo - Copy\arguemted_data\1\pseudo_02963_c1_p10000.png
02973,02973.png,1,1.0,100.0,D:\quantization-demo - Copy\test\02973.png,D:\quantization-demo - Copy\arguemted_data\1\pseudo_02973_c1_p10000.png
03035,03035.png,1,1.0,100.0,D:\quantization-demo - Copy\test\03035.png,D:\quantization-demo - Copy\arguemted_data\1\pseudo_03035_c1_p10000.png
03088,03088.png,1,1.0,100.0,D:\quantization-demo - Copy\test\03088.png,D:\quantization-demo - Copy\arguemted_data\1\pseudo_03088_c1_p10000.png
00007,00007.png,2,1.0,100.0,D:\quantization-demo - Copy\test\00007.png,D:\quantization-demo - Copy\arguemted_data\2\pseudo_00007_c2_p10000.png
00012,00012.png,2,1.0,100.0,D:\quantization-demo - Copy\test\00012.png,D:\quantization-demo - Copy\arguemted_data\2\pseudo_00012_c2_p10000.png
00029,00029.png,2,1.0,100.0,D:\quantization-demo - Copy\test\00029.png,D:\quantization-demo - Copy\arguemted_data\2\pseudo_00029_c2_p10000.png
00032,00032.png,2,1.0,100.0,D:\quantization-demo - Copy\test\00032.png,D:\quantization-demo - Copy\arguemted_data\2\pseudo_00032_c2_p10000.png
00057,00057.png,2,1.0,100.0,D:\quantization-demo - Copy\test\00057.png,D:\quantization-demo - Copy\arguemted_data\2\pseudo_00057_c2_p10000.png
00073,00073.png,2,1.0,100.0,D:\quantization-demo - Copy\test\00073.png,D:\quantization-demo - Copy\arguemted_data\2\pseudo_00073_c2_p10000.png
00083,00083.png,2,1.0,100.0,D:\quantization-demo - Copy\test\00083.png,D:\quantization-demo - Copy\arguemted_data\2\pseudo_00083_c2_p10000.png
00091,00091.png,2,1.0,100.0,D:\quantization-demo - Copy\test\00091.png,D:\quantization-demo - Copy\arguemted_data\2\pseudo_00091_c2_p10000.png
00102,00102.png,2,1.0,100.0,D:\quantization-demo - Copy\test\00102.png,D:\quantization-demo - Copy\arguemted_data\2\pseudo_00102_c2_p10000.png
00120,00120.png,2,1.0,100.0,D:\quantization-demo - Copy\test\00120.png,D:\quantization-demo - Copy\arguemted_data\2\pseudo_00120_c2_p10000.png
00162,00162.png,2,1.0,100.0,D:\quantization-demo - Copy\test\00162.png,D:\quantization-demo - Copy\arguemted_data\2\pseudo_00162_c2_p10000.png
00184,00184.png,2,1.0,100.0,D:\quantization-demo - Copy\test\00184.png,D:\quantization-demo - Copy\arguemted_data\2\pseudo_00184_c2_p10000.png
00192,00192.png,2,1.0,100.0,D:\quantization-demo - Copy\test\00192.png,D:\quantization-demo - Copy\arguemted_data\2\pseudo_00192_c2_p10000.png
00230,00230.png,2,1.0,100.0,D:\quantization-demo - Copy\test\00230.png,D:\quantization-demo - Copy\arguemted_data\2\pseudo_00230_c2_p10000.png
00237,00237.png,2,1.0,100.0,D:\quantization-demo - Copy\test\00237.png,D:\quantization-demo - Copy\arguemted_data\2\pseudo_00237_c2_p10000.png
00239,00239.png,2,1.0,100.0,D:\quantization-demo - Copy\test\00239.png,D:\quantization-demo - Copy\arguemted_data\2\pseudo_00239_c2_p10000.png
00269,00269.png,2,1.0,100.0,D:\quantization-demo - Copy\test\00269.png,D:\quantization-demo - Copy\arguemted_data\2\pseudo_00269_c2_p10000.png
00344,00344.png,2,1.0,100.0,D:\quantization-demo - Copy\test\00344.png,D:\quantization-demo - Copy\arguemted_data\2\pseudo_00344_c2_p10000.png
00346,00346.png,2,1.0,100.0,D:\quantization-demo - Copy\test\00346.png,D:\quantization-demo - Copy\arguemted_data\2\pseudo_00346_c2_p10000.png
00347,00347.png,2,1.0,100.0,D:\quantization-demo - Copy\test\00347.png,D:\quantization-demo - Copy\arguemted_data\2\pseudo_00347_c2_p10000.png
00358,00358.png,2,1.0,100.0,D:\quantization-demo - Copy\test\00358.png,D:\quantization-demo - Copy\arguemted_data\2\pseudo_00358_c2_p10000.png
00365,00365.png,2,1.0,100.0,D:\quantization-demo - Copy\test\00365.png,D:\quantization-demo - Copy\arguemted_data\2\pseudo_00365_c2_p10000.png
00382,00382.png,2,1.0,100.0,D:\quantization-demo - Copy\test\00382.png,D:\quantization-demo - Copy\arguemted_data\2\pseudo_00382_c2_p10000.png
00386,00386.png,2,1.0,100.0,D:\quantization-demo - Copy\test\00386.png,D:\quantization-demo - Copy\arguemted_data\2\pseudo_00386_c2_p10000.png
00394,00394.png,2,1.0,100.0,D:\quantization-demo - Copy\test\00394.png,D:\quantization-demo - Copy\arguemted_data\2\pseudo_00394_c2_p10000.png
00416,00416.png,2,1.0,100.0,D:\quantization-demo - Copy\test\00416.png,D:\quantization-demo - Copy\arguemted_data\2\pseudo_00416_c2_p10000.png
00427,00427.png,2,1.0,100.0,D:\quantization-demo - Copy\test\00427.png,D:\quantization-demo - Copy\arguemted_data\2\pseudo_00427_c2_p10000.png
00456,00456.png,2,1.0,100.0,D:\quantization-demo - Copy\test\00456.png,D:\quantization-demo - Copy\arguemted_data\2\pseudo_00456_c2_p10000.png
00457,00457.png,2,1.0,100.0,D:\quantization-demo - Copy\test\00457.png,D:\quantization-demo - Copy\arguemted_data\2\pseudo_00457_c2_p10000.png
00482,00482.png,2,1.0,100.0,D:\quantization-demo - Copy\test\00482.png,D:\quantization-demo - Copy\arguemted_data\2\pseudo_00482_c2_p10000.png
00508,00508.png,2,1.0,100.0,D:\quantization-demo - Copy\test\00508.png,D:\quantization-demo - Copy\arguemted_data\2\pseudo_00508_c2_p10000.png
00518,00518.png,2,1.0,100.0,D:\quantization-demo - Copy\test\00518.png,D:\quantization-demo - Copy\arguemted_data\2\pseudo_00518_c2_p10000.png
00527,00527.png,2,1.0,100.0,D:\quantization-demo - Copy\test\00527.png,D:\quantization-demo - Copy\arguemted_data\2\pseudo_00527_c2_p10000.png
00542,00542.png,2,1.0,100.0,D:\quantization-demo - Copy\test\00542.png,D:\quantization-demo - Copy\arguemted_data\2\pseudo_00542_c2_p10000.png
00548,00548.png,2,1.0,100.0,D:\quantization-demo - Copy\test\00548.png,D:\quantization-demo - Copy\arguemted_data\2\pseudo_00548_c2_p10000.png
00570,00570.png,2,1.0,100.0,D:\quantization-demo - Copy\test\00570.png,D:\quantization-demo - Copy\arguemted_data\2\pseudo_00570_c2_p10000.png
00571,00571.png,2,1.0,100.0,D:\quantization-demo - Copy\test\00571.png,D:\quantization-demo - Copy\arguemted_data\2\pseudo_00571_c2_p10000.png
00604,00604.png,2,1.0,100.0,D:\quantization-demo - Copy\test\00604.png,D:\quantization-demo - Copy\arguemted_data\2\pseudo_00604_c2_p10000.png
00657,00657.png,2,1.0,100.0,D:\quantization-demo - Copy\test\00657.png,D:\quantization-demo - Copy\arguemted_data\2\pseudo_00657_c2_p10000.png
00662,00662.png,2,1.0,100.0,D:\quantization-demo - Copy\test\00662.png,D:\quantization-demo - Copy\arguemted_data\2\pseudo_00662_c2_p10000.png
00670,00670.png,2,1.0,100.0,D:\quantization-demo - Copy\test\00670.png,D:\quantization-demo - Copy\arguemted_data\2\pseudo_00670_c2_p10000.png
00674,00674.png,2,1.0,100.0,D:\quantization-demo - Copy\test\00674.png,D:\quantization-demo - Copy\arguemted_data\2\pseudo_00674_c2_p10000.png
00690,00690.png,2,1.0,100.0,D:\quantization-demo - Copy\test\00690.png,D:\quantization-demo - Copy\arguemted_data\2\pseudo_00690_c2_p10000.png
00695,00695.png,2,1.0,100.0,D:\quantization-demo - Copy\test\00695.png,D:\quantization-demo - Copy\arguemted_data\2\pseudo_00695_c2_p10000.png
00715,00715.png,2,1.0,100.0,D:\quantization-demo - Copy\test\00715.png,D:\quantization-demo - Copy\arguemted_data\2\pseudo_00715_c2_p10000.png
00751,00751.png,2,1.0,100.0,D:\quantization-demo - Copy\test\00751.png,D:\quantization-demo - Copy\arguemted_data\2\pseudo_00751_c2_p10000.png
00759,00759.png,2,1.0,100.0,D:\quantization-demo - Copy\test\00759.png,D:\quantization-demo - Copy\arguemted_data\2\pseudo_00759_c2_p10000.png
00765,00765.png,2,1.0,100.0,D:\quantization-demo - Copy\test\00765.png,D:\quantization-demo - Copy\arguemted_data\2\pseudo_00765_c2_p10000.png
00794,00794.png,2,1.0,100.0,D:\quantization-demo - Copy\test\00794.png,D:\quantization-demo - Copy\arguemted_data\2\pseudo_00794_c2_p10000.png
00829,00829.png,2,1.0,100.0,D:\quantization-demo - Copy\test\00829.png,D:\quantization-demo - Copy\arguemted_data\2\pseudo_00829_c2_p10000.png
00838,00838.png,2,1.0,100.0,D:\quantization-demo - Copy\test\00838.png,D:\quantization-demo - Copy\arguemted_data\2\pseudo_00838_c2_p10000.png
00844,00844.png,2,1.0,100.0,D:\quantization-demo - Copy\test\00844.png,D:\quantization-demo - Copy\arguemted_data\2\pseudo_00844_c2_p10000.png
00873,00873.png,2,1.0,100.0,D:\quantization-demo - Copy\test\00873.png,D:\quantization-demo - Copy\arguemted_data\2\pseudo_00873_c2_p10000.png
00879,00879.png,2,1.0,100.0,D:\quantization-demo - Copy\test\00879.png,D:\quantization-demo - Copy\arguemted_data\2\pseudo_00879_c2_p10000.png
00888,00888.png,2,1.0,100.0,D:\quantization-demo - Copy\test\00888.png,D:\quantization-demo - Copy\arguemted_data\2\pseudo_00888_c2_p10000.png
00889,00889.png,2,1.0,100.0,D:\quantization-demo - Copy\test\00889.png,D:\quantization-demo - Copy\arguemted_data\2\pseudo_00889_c2_p10000.png
00910,00910.png,2,1.0,100.0,D:\quantization-demo - Copy\test\00910.png,D:\quantization-demo - Copy\arguemted_data\2\pseudo_00910_c2_p10000.png
00917,00917.png,2,1.0,100.0,D:\quantization-demo - Copy\test\00917.png,D:\quantization-demo - Copy\arguemted_data\2\pseudo_00917_c2_p10000.png
00929,00929.png,2,1.0,100.0,D:\quantization-demo - Copy\test\00929.png,D:\quantization-demo - Copy\arguemted_data\2\pseudo_00929_c2_p10000.png
00941,00941.png,2,1.0,100.0,D:\quantization-demo - Copy\test\00941.png,D:\quantization-demo - Copy\arguemted_data\2\pseudo_00941_c2_p10000.png
00942,00942.png,2,1.0,100.0,D:\quantization-demo - Copy\test\00942.png,D:\quantization-demo - Copy\arguemted_data\2\pseudo_00942_c2_p10000.png
00945,00945.png,2,1.0,100.0,D:\quantization-demo - Copy\test\00945.png,D:\quantization-demo - Copy\arguemted_data\2\pseudo_00945_c2_p10000.png
01024,01024.png,2,1.0,100.0,D:\quantization-demo - Copy\test\01024.png,D:\quantization-demo - Copy\arguemted_data\2\pseudo_01024_c2_p10000.png
01056,01056.png,2,1.0,100.0,D:\quantization-demo - Copy\test\01056.png,D:\quantization-demo - Copy\arguemted_data\2\pseudo_01056_c2_p10000.png
01064,01064.png,2,1.0,100.0,D:\quantization-demo - Copy\test\01064.png,D:\quantization-demo - Copy\arguemted_data\2\pseudo_01064_c2_p10000.png
01073,01073.png,2,1.0,100.0,D:\quantization-demo - Copy\test\01073.png,D:\quantization-demo - Copy\arguemted_data\2\pseudo_01073_c2_p10000.png
01087,01087.png,2,1.0,100.0,D:\quantization-demo - Copy\test\01087.png,D:\quantization-demo - Copy\arguemted_data\2\pseudo_01087_c2_p10000.png
01100,01100.png,2,1.0,100.0,D:\quantization-demo - Copy\test\01100.png,D:\quantization-demo - Copy\arguemted_data\2\pseudo_01100_c2_p10000.png
01125,01125.png,2,1.0,100.0,D:\quantization-demo - Copy\test\01125.png,D:\quantization-demo - Copy\arguemted_data\2\pseudo_01125_c2_p10000.png
01187,01187.png,2,1.0,100.0,D:\quantization-demo - Copy\test\01187.png,D:\quantization-demo - Copy\arguemted_data\2\pseudo_01187_c2_p10000.png
01189,01189.png,2,1.0,100.0,D:\quantization-demo - Copy\test\01189.png,D:\quantization-demo - Copy\arguemted_data\2\pseudo_01189_c2_p10000.png
01208,01208.png,2,1.0,100.0,D:\quantization-demo - Copy\test\01208.png,D:\quantization-demo - Copy\arguemted_data\2\pseudo_01208_c2_p10000.png
01242,01242.png,2,1.0,100.0,D:\quantization-demo - Copy\test\01242.png,D:\quantization-demo - Copy\arguemted_data\2\pseudo_01242_c2_p10000.png
01255,01255.png,2,1.0,100.0,D:\quantization-demo - Copy\test\01255.png,D:\quantization-demo - Copy\arguemted_data\2\pseudo_01255_c2_p10000.png
01261,01261.png,2,1.0,100.0,D:\quantization-demo - Copy\test\01261.png,D:\quantization-demo - Copy\arguemted_data\2\pseudo_01261_c2_p10000.png
01263,01263.png,2,1.0,100.0,D:\quantization-demo - Copy\test\01263.png,D:\quantization-demo - Copy\arguemted_data\2\pseudo_01263_c2_p10000.png
01272,01272.png,2,1.0,100.0,D:\quantization-demo - Copy\test\01272.png,D:\quantization-demo - Copy\arguemted_data\2\pseudo_01272_c2_p10000.png
01323,01323.png,2,1.0,100.0,D:\quantization-demo - Copy\test\01323.png,D:\quantization-demo - Copy\arguemted_data\2\pseudo_01323_c2_p10000.png
01336,01336.png,2,1.0,100.0,D:\quantization-demo - Copy\test\01336.png,D:\quantization-demo - Copy\arguemted_data\2\pseudo_01336_c2_p10000.png
01362,01362.png,2,1.0,100.0,D:\quantization-demo - Copy\test\01362.png,D:\quantization-demo - Copy\arguemted_data\2\pseudo_01362_c2_p10000.png
01393,01393.png,2,1.0,100.0,D:\quantization-demo - Copy\test\01393.png,D:\quantization-demo - Copy\arguemted_data\2\pseudo_01393_c2_p10000.png
01397,01397.png,2,1.0,100.0,D:\quantization-demo - Copy\test\01397.png,D:\quantization-demo - Copy\arguemted_data\2\pseudo_01397_c2_p10000.png
01444,01444.png,2,1.0,100.0,D:\quantization-demo - Copy\test\01444.png,D:\quantization-demo - Copy\arguemted_data\2\pseudo_01444_c2_p10000.png
01476,01476.png,2,1.0,100.0,D:\quantization-demo - Copy\test\01476.png,D:\quantization-demo - Copy\arguemted_data\2\pseudo_01476_c2_p10000.png
01517,01517.png,2,1.0,100.0,D:\quantization-demo - Copy\test\01517.png,D:\quantization-demo - Copy\arguemted_data\2\pseudo_01517_c2_p10000.png
01536,01536.png,2,1.0,100.0,D:\quantization-demo - Copy\test\01536.png,D:\quantization-demo - Copy\arguemted_data\2\pseudo_01536_c2_p10000.png
01543,01543.png,2,1.0,100.0,D:\quantization-demo - Copy\test\01543.png,D:\quantization-demo - Copy\arguemted_data\2\pseudo_01543_c2_p10000.png
01551,01551.png,2,1.0,100.0,D:\quantization-demo - Copy\test\01551.png,D:\quantization-demo - Copy\arguemted_data\2\pseudo_01551_c2_p10000.png
01553,01553.png,2,1.0,100.0,D:\quantization-demo - Copy\test\01553.png,D:\quantization-demo - Copy\arguemted_data\2\pseudo_01553_c2_p10000.png
01557,01557.png,2,1.0,100.0,D:\quantization-demo - Copy\test\01557.png,D:\quantization-demo - Copy\arguemted_data\2\pseudo_01557_c2_p10000.png
01580,01580.png,2,1.0,100.0,D:\quantization-demo - Copy\test\01580.png,D:\quantization-demo - Copy\arguemted_data\2\pseudo_01580_c2_p10000.png
01587,01587.png,2,1.0,100.0,D:\quantization-demo - Copy\test\01587.png,D:\quantization-demo - Copy\arguemted_data\2\pseudo_01587_c2_p10000.png
01610,01610.png,2,1.0,100.0,D:\quantization-demo - Copy\test\01610.png,D:\quantization-demo - Copy\arguemted_data\2\pseudo_01610_c2_p10000.png
01637,01637.png,2,1.0,100.0,D:\quantization-demo - Copy\test\01637.png,D:\quantization-demo - Copy\arguemted_data\2\pseudo_01637_c2_p10000.png
01650,01650.png,2,1.0,100.0,D:\quantization-demo - Copy\test\01650.png,D:\quantization-demo - Copy\arguemted_data\2\pseudo_01650_c2_p10000.png
01665,01665.png,2,1.0,100.0,D:\quantization-demo - Copy\test\01665.png,D:\quantization-demo - Copy\arguemted_data\2\pseudo_01665_c2_p10000.png
01674,01674.png,2,1.0,100.0,D:\quantization-demo - Copy\test\01674.png,D:\quantization-demo - Copy\arguemted_data\2\pseudo_01674_c2_p10000.png
01690,01690.png,2,1.0,100.0,D:\quantization-demo - Copy\test\01690.png,D:\quantization-demo - Copy\arguemted_data\2\pseudo_01690_c2_p10000.png
01732,01732.png,2,1.0,100.0,D:\quantization-demo - Copy\test\01732.png,D:\quantization-demo - Copy\arguemted_data\2\pseudo_01732_c2_p10000.png
01749,01749.png,2,1.0,100.0,D:\quantization-demo - Copy\test\01749.png,D:\quantization-demo - Copy\arguemted_data\2\pseudo_01749_c2_p10000.png
01760,01760.png,2,1.0,100.0,D:\quantization-demo - Copy\test\01760.png,D:\quantization-demo - Copy\arguemted_data\2\pseudo_01760_c2_p10000.png
01831,01831.png,2,1.0,100.0,D:\quantization-demo - Copy\test\01831.png,D:\quantization-demo - Copy\arguemted_data\2\pseudo_01831_c2_p10000.png
01833,01833.png,2,1.0,100.0,D:\quantization-demo - Copy\test\01833.png,D:\quantization-demo - Copy\arguemted_data\2\pseudo_01833_c2_p10000.png
01859,01859.png,2,1.0,100.0,D:\quantization-demo - Copy\test\01859.png,D:\quantization-demo - Copy\arguemted_data\2\pseudo_01859_c2_p10000.png
01862,01862.png,2,1.0,100.0,D:\quantization-demo - Copy\test\01862.png,D:\quantization-demo - Copy\arguemted_data\2\pseudo_01862_c2_p10000.png
01877,01877.png,2,1.0,100.0,D:\quantization-demo - Copy\test\01877.png,D:\quantization-demo - Copy\arguemted_data\2\pseudo_01877_c2_p10000.png
01880,01880.png,2,1.0,100.0,D:\quantization-demo - Copy\test\01880.png,D:\quantization-demo - Copy\arguemted_data\2\pseudo_01880_c2_p10000.png
01904,01904.png,2,1.0,100.0,D:\quantization-demo - Copy\test\01904.png,D:\quantization-demo - Copy\arguemted_data\2\pseudo_01904_c2_p10000.png
01922,01922.png,2,1.0,100.0,D:\quantization-demo - Copy\test\01922.png,D:\quantization-demo - Copy\arguemted_data\2\pseudo_01922_c2_p10000.png
01925,01925.png,2,1.0,100.0,D:\quantization-demo - Copy\test\01925.png,D:\quantization-demo - Copy\arguemted_data\2\pseudo_01925_c2_p10000.png
01933,01933.png,2,1.0,100.0,D:\quantization-demo - Copy\test\01933.png,D:\quantization-demo - Copy\arguemted_data\2\pseudo_01933_c2_p10000.png
01937,01937.png,2,1.0,100.0,D:\quantization-demo - Copy\test\01937.png,D:\quantization-demo - Copy\arguemted_data\2\pseudo_01937_c2_p10000.png
01947,01947.png,2,1.0,100.0,D:\quantization-demo - Copy\test\01947.png,D:\quantization-demo - Copy\arguemted_data\2\pseudo_01947_c2_p10000.png
01962,01962.png,2,1.0,100.0,D:\quantization-demo - Copy\test\01962.png,D:\quantization-demo - Copy\arguemted_data\2\pseudo_01962_c2_p10000.png
01985,01985.png,2,1.0,100.0,D:\quantization-demo - Copy\test\01985.png,D:\quantization-demo - Copy\arguemted_data\2\pseudo_01985_c2_p10000.png
02009,02009.png,2,1.0,100.0,D:\quantization-demo - Copy\test\02009.png,D:\quantization-demo - Copy\arguemted_data\2\pseudo_02009_c2_p10000.png
02011,02011.png,2,1.0,100.0,D:\quantization-demo - Copy\test\02011.png,D:\quantization-demo - Copy\arguemted_data\2\pseudo_02011_c2_p10000.png
02015,02015.png,2,1.0,100.0,D:\quantization-demo - Copy\test\02015.png,D:\quantization-demo - Copy\arguemted_data\2\pseudo_02015_c2_p10000.png
02057,02057.png,2,1.0,100.0,D:\quantization-demo - Copy\test\02057.png,D:\quantization-demo - Copy\arguemted_data\2\pseudo_02057_c2_p10000.png
02093,02093.png,2,1.0,100.0,D:\quantization-demo - Copy\test\02093.png,D:\quantization-demo - Copy\arguemted_data\2\pseudo_02093_c2_p10000.png
02096,02096.png,2,1.0,100.0,D:\quantization-demo - Copy\test\02096.png,D:\quantization-demo - Copy\arguemted_data\2\pseudo_02096_c2_p10000.png
02103,02103.png,2,1.0,100.0,D:\quantization-demo - Copy\test\02103.png,D:\quantization-demo - Copy\arguemted_data\2\pseudo_02103_c2_p10000.png
02108,02108.png,2,1.0,100.0,D:\quantization-demo - Copy\test\02108.png,D:\quantization-demo - Copy\arguemted_data\2\pseudo_02108_c2_p10000.png
02131,02131.png,2,1.0,100.0,D:\quantization-demo - Copy\test\02131.png,D:\quantization-demo - Copy\arguemted_data\2\pseudo_02131_c2_p10000.png
02149,02149.png,2,1.0,100.0,D:\quantization-demo - Copy\test\02149.png,D:\quantization-demo - Copy\arguemted_data\2\pseudo_02149_c2_p10000.png
02151,02151.png,2,1.0,100.0,D:\quantization-demo - Copy\test\02151.png,D:\quantization-demo - Copy\arguemted_data\2\pseudo_02151_c2_p10000.png
02161,02161.png,2,1.0,100.0,D:\quantization-demo - Copy\test\02161.png,D:\quantization-demo - Copy\arguemted_data\2\pseudo_02161_c2_p10000.png
02179,02179.png,2,1.0,100.0,D:\quantization-demo - Copy\test\02179.png,D:\quantization-demo - Copy\arguemted_data\2\pseudo_02179_c2_p10000.png
02190,02190.png,2,1.0,100.0,D:\quantization-demo - Copy\test\02190.png,D:\quantization-demo - Copy\arguemted_data\2\pseudo_02190_c2_p10000.png
02204,02204.png,2,1.0,100.0,D:\quantization-demo - Copy\test\02204.png,D:\quantization-demo - Copy\arguemted_data\2\pseudo_02204_c2_p10000.png
02209,02209.png,2,1.0,100.0,D:\quantization-demo - Copy\test\02209.png,D:\quantization-demo - Copy\arguemted_data\2\pseudo_02209_c2_p10000.png
02215,02215.png,2,1.0,100.0,D:\quantization-demo - Copy\test\02215.png,D:\quantization-demo - Copy\arguemted_data\2\pseudo_02215_c2_p10000.png
02225,02225.png,2,1.0,100.0,D:\quantization-demo - Copy\test\02225.png,D:\quantization-demo - Copy\arguemted_data\2\pseudo_02225_c2_p10000.png
02230,02230.png,2,1.0,100.0,D:\quantization-demo - Copy\test\02230.png,D:\quantization-demo - Copy\arguemted_data\2\pseudo_02230_c2_p10000.png
02234,02234.png,2,1.0,100.0,D:\quantization-demo - Copy\test\02234.png,D:\quantization-demo - Copy\arguemted_data\2\pseudo_02234_c2_p10000.png
02289,02289.png,2,1.0,100.0,D:\quantization-demo - Copy\test\02289.png,D:\quantization-demo - Copy\arguemted_data\2\pseudo_02289_c2_p10000.png
02310,02310.png,2,1.0,100.0,D:\quantization-demo - Copy\test\02310.png,D:\quantization-demo - Copy\arguemted_data\2\pseudo_02310_c2_p10000.png
02330,02330.png,2,1.0,100.0,D:\quantization-demo - Copy\test\02330.png,D:\quantization-demo - Copy\arguemted_data\2\pseudo_02330_c2_p10000.png
02348,02348.png,2,1.0,100.0,D:\quantization-demo - Copy\test\02348.png,D:\quantization-demo - Copy\arguemted_data\2\pseudo_02348_c2_p10000.png
02356,02356.png,2,1.0,100.0,D:\quantization-demo - Copy\test\02356.png,D:\quantization-demo - Copy\arguemted_data\2\pseudo_02356_c2_p10000.png
02357,02357.png,2,1.0,100.0,D:\quantization-demo - Copy\test\02357.png,D:\quantization-demo - Copy\arguemted_data\2\pseudo_02357_c2_p10000.png
02379,02379.png,2,1.0,100.0,D:\quantization-demo - Copy\test\02379.png,D:\quantization-demo - Copy\arguemted_data\2\pseudo_02379_c2_p10000.png
02383,02383.png,2,1.0,100.0,D:\quantization-demo - Copy\test\02383.png,D:\quantization-demo - Copy\arguemted_data\2\pseudo_02383_c2_p10000.png
02387,02387.png,2,1.0,100.0,D:\quantization-demo - Copy\test\02387.png,D:\quantization-demo - Copy\arguemted_data\2\pseudo_02387_c2_p10000.png
02397,02397.png,2,1.0,100.0,D:\quantization-demo - Copy\test\02397.png,D:\quantization-demo - Copy\arguemted_data\2\pseudo_02397_c2_p10000.png
02404,02404.png,2,1.0,100.0,D:\quantization-demo - Copy\test\02404.png,D:\quantization-demo - Copy\arguemted_data\2\pseudo_02404_c2_p10000.png
02407,02407.png,2,1.0,100.0,D:\quantization-demo - Copy\test\02407.png,D:\quantization-demo - Copy\arguemted_data\2\pseudo_02407_c2_p10000.png
02410,02410.png,2,1.0,100.0,D:\quantization-demo - Copy\test\02410.png,D:\quantization-demo - Copy\arguemted_data\2\pseudo_02410_c2_p10000.png
02430,02430.png,2,1.0,100.0,D:\quantization-demo - Copy\test\02430.png,D:\quantization-demo - Copy\arguemted_data\2\pseudo_02430_c2_p10000.png
02441,02441.png,2,1.0,100.0,D:\quantization-demo - Copy\test\02441.png,D:\quantization-demo - Copy\arguemted_data\2\pseudo_02441_c2_p10000.png
02462,02462.png,2,1.0,100.0,D:\quantization-demo - Copy\test\02462.png,D:\quantization-demo - Copy\arguemted_data\2\pseudo_02462_c2_p10000.png
02465,02465.png,2,1.0,100.0,D:\quantization-demo - Copy\test\02465.png,D:\quantization-demo - Copy\arguemted_data\2\pseudo_02465_c2_p10000.png
02468,02468.png,2,1.0,100.0,D:\quantization-demo - Copy\test\02468.png,D:\quantization-demo - Copy\arguemted_data\2\pseudo_02468_c2_p10000.png
02480,02480.png,2,1.0,100.0,D:\quantization-demo - Copy\test\02480.png,D:\quantization-demo - Copy\arguemted_data\2\pseudo_02480_c2_p10000.png
02487,02487.png,2,1.0,100.0,D:\quantization-demo - Copy\test\02487.png,D:\quantization-demo - Copy\arguemted_data\2\pseudo_02487_c2_p10000.png
02588,02588.png,2,1.0,100.0,D:\quantization-demo - Copy\test\02588.png,D:\quantization-demo - Copy\arguemted_data\2\pseudo_02588_c2_p10000.png
02607,02607.png,2,1.0,100.0,D:\quantization-demo - Copy\test\02607.png,D:\quantization-demo - Copy\arguemted_data\2\pseudo_02607_c2_p10000.png
02610,02610.png,2,1.0,100.0,D:\quantization-demo - Copy\test\02610.png,D:\quantization-demo - Copy\arguemted_data\2\pseudo_02610_c2_p10000.png
02634,02634.png,2,1.0,100.0,D:\quantization-demo - Copy\test\02634.png,D:\quantization-demo - Copy\arguemted_data\2\pseudo_02634_c2_p10000.png
02643,02643.png,2,1.0,100.0,D:\quantization-demo - Copy\test\02643.png,D:\quantization-demo - Copy\arguemted_data\2\pseudo_02643_c2_p10000.png
02658,02658.png,2,1.0,100.0,D:\quantization-demo - Copy\test\02658.png,D:\quantization-demo - Copy\arguemted_data\2\pseudo_02658_c2_p10000.png
02661,02661.png,2,1.0,100.0,D:\quantization-demo - Copy\test\02661.png,D:\quantization-demo - Copy\arguemted_data\2\pseudo_02661_c2_p10000.png
02670,02670.png,2,1.0,100.0,D:\quantization-demo - Copy\test\02670.png,D:\quantization-demo - Copy\arguemted_data\2\pseudo_02670_c2_p10000.png
02682,02682.png,2,1.0,100.0,D:\quantization-demo - Copy\test\02682.png,D:\quantization-demo - Copy\arguemted_data\2\pseudo_02682_c2_p10000.png
02704,02704.png,2,1.0,100.0,D:\quantization-demo - Copy\test\02704.png,D:\quantization-demo - Copy\arguemted_data\2\pseudo_02704_c2_p10000.png
02711,02711.png,2,1.0,100.0,D:\quantization-demo - Copy\test\02711.png,D:\quantization-demo - Copy\arguemted_data\2\pseudo_02711_c2_p10000.png
02722,02722.png,2,1.0,100.0,D:\quantization-demo - Copy\test\02722.png,D:\quantization-demo - Copy\arguemted_data\2\pseudo_02722_c2_p10000.png
02745,02745.png,2,1.0,100.0,D:\quantization-demo - Copy\test\02745.png,D:\quantization-demo - Copy\arguemted_data\2\pseudo_02745_c2_p10000.png
02776,02776.png,2,1.0,100.0,D:\quantization-demo - Copy\test\02776.png,D:\quantization-demo - Copy\arguemted_data\2\pseudo_02776_c2_p10000.png
02819,02819.png,2,1.0,100.0,D:\quantization-demo - Copy\test\02819.png,D:\quantization-demo - Copy\arguemted_data\2\pseudo_02819_c2_p10000.png
02841,02841.png,2,1.0,100.0,D:\quantization-demo - Copy\test\02841.png,D:\quantization-demo - Copy\arguemted_data\2\pseudo_02841_c2_p10000.png
02844,02844.png,2,1.0,100.0,D:\quantization-demo - Copy\test\02844.png,D:\quantization-demo - Copy\arguemted_data\2\pseudo_02844_c2_p10000.png
02849,02849.png,2,1.0,100.0,D:\quantization-demo - Copy\test\02849.png,D:\quantization-demo - Copy\arguemted_data\2\pseudo_02849_c2_p10000.png
02857,02857.png,2,1.0,100.0,D:\quantization-demo - Copy\test\02857.png,D:\quantization-demo - Copy\arguemted_data\2\pseudo_02857_c2_p10000.png
02862,02862.png,2,1.0,100.0,D:\quantization-demo - Copy\test\02862.png,D:\quantization-demo - Copy\arguemted_data\2\pseudo_02862_c2_p10000.png
02864,02864.png,2,1.0,100.0,D:\quantization-demo - Copy\test\02864.png,D:\quantization-demo - Copy\arguemted_data\2\pseudo_02864_c2_p10000.png
02899,02899.png,2,1.0,100.0,D:\quantization-demo - Copy\test\02899.png,D:\quantization-demo - Copy\arguemted_data\2\pseudo_02899_c2_p10000.png
02906,02906.png,2,1.0,100.0,D:\quantization-demo - Copy\test\02906.png,D:\quantization-demo - Copy\arguemted_data\2\pseudo_02906_c2_p10000.png
02916,02916.png,2,1.0,100.0,D:\quantization-demo - Copy\test\02916.png,D:\quantization-demo - Copy\arguemted_data\2\pseudo_02916_c2_p10000.png
02918,02918.png,2,1.0,100.0,D:\quantization-demo - Copy\test\02918.png,D:\quantization-demo - Copy\arguemted_data\2\pseudo_02918_c2_p10000.png
02920,02920.png,2,1.0,100.0,D:\quantization-demo - Copy\test\02920.png,D:\quantization-demo - Copy\arguemted_data\2\pseudo_02920_c2_p10000.png
02936,02936.png,2,1.0,100.0,D:\quantization-demo - Copy\test\02936.png,D:\quantization-demo - Copy\arguemted_data\2\pseudo_02936_c2_p10000.png
02947,02947.png,2,1.0,100.0,D:\quantization-demo - Copy\test\02947.png,D:\quantization-demo - Copy\arguemted_data\2\pseudo_02947_c2_p10000.png
02949,02949.png,2,1.0,100.0,D:\quantization-demo - Copy\test\02949.png,D:\quantization-demo - Copy\arguemted_data\2\pseudo_02949_c2_p10000.png
02959,02959.png,2,1.0,100.0,D:\quantization-demo - Copy\test\02959.png,D:\quantization-demo - Copy\arguemted_data\2\pseudo_02959_c2_p10000.png
02983,02983.png,2,1.0,100.0,D:\quantization-demo - Copy\test\02983.png,D:\quantization-demo - Copy\arguemted_data\2\pseudo_02983_c2_p10000.png
02987,02987.png,2,1.0,100.0,D:\quantization-demo - Copy\test\02987.png,D:\quantization-demo - Copy\arguemted_data\2\pseudo_02987_c2_p10000.png
03009,03009.png,2,1.0,100.0,D:\quantization-demo - Copy\test\03009.png,D:\quantization-demo - Copy\arguemted_data\2\pseudo_03009_c2_p10000.png
03020,03020.png,2,1.0,100.0,D:\quantization-demo - Copy\test\03020.png,D:\quantization-demo - Copy\arguemted_data\2\pseudo_03020_c2_p10000.png
03033,03033.png,2,1.0,100.0,D:\quantization-demo - Copy\test\03033.png,D:\quantization-demo - Copy\arguemted_data\2\pseudo_03033_c2_p10000.png
03065,03065.png,2,1.0,100.0,D:\quantization-demo - Copy\test\03065.png,D:\quantization-demo - Copy\arguemted_data\2\pseudo_03065_c2_p10000.png
03068,03068.png,2,1.0,100.0,D:\quantization-demo - Copy\test\03068.png,D:\quantization-demo - Copy\arguemted_data\2\pseudo_03068_c2_p10000.png
03081,03081.png,2,1.0,100.0,D:\quantization-demo - Copy\test\03081.png,D:\quantization-demo - Copy\arguemted_data\2\pseudo_03081_c2_p10000.png
00078,00078.png,3,1.0,100.0,D:\quantization-demo - Copy\test\00078.png,D:\quantization-demo - Copy\arguemted_data\3\pseudo_00078_c3_p10000.png
00174,00174.png,3,1.0,100.0,D:\quantization-demo - Copy\test\00174.png,D:\quantization-demo - Copy\arguemted_data\3\pseudo_00174_c3_p10000.png
00185,00185.png,3,1.0,100.0,D:\quantization-demo - Copy\test\00185.png,D:\quantization-demo - Copy\arguemted_data\3\pseudo_00185_c3_p10000.png
00402,00402.png,3,1.0,100.0,D:\quantization-demo - Copy\test\00402.png,D:\quantization-demo - Copy\arguemted_data\3\pseudo_00402_c3_p10000.png
00543,00543.png,3,1.0,100.0,D:\quantization-demo - Copy\test\00543.png,D:\quantization-demo - Copy\arguemted_data\3\pseudo_00543_c3_p10000.png
00561,00561.png,3,1.0,100.0,D:\quantization-demo - Copy\test\00561.png,D:\quantization-demo - Copy\arguemted_data\3\pseudo_00561_c3_p10000.png
00693,00693.png,3,1.0,100.0,D:\quantization-demo - Copy\test\00693.png,D:\quantization-demo - Copy\arguemted_data\3\pseudo_00693_c3_p10000.png
00733,00733.png,3,1.0,100.0,D:\quantization-demo - Copy\test\00733.png,D:\quantization-demo - Copy\arguemted_data\3\pseudo_00733_c3_p10000.png
00778,00778.png,3,1.0,100.0,D:\quantization-demo - Copy\test\00778.png,D:\quantization-demo - Copy\arguemted_data\3\pseudo_00778_c3_p10000.png
00847,00847.png,3,1.0,100.0,D:\quantization-demo - Copy\test\00847.png,D:\quantization-demo - Copy\arguemted_data\3\pseudo_00847_c3_p10000.png
00857,00857.png,3,1.0,100.0,D:\quantization-demo - Copy\test\00857.png,D:\quantization-demo - Copy\arguemted_data\3\pseudo_00857_c3_p10000.png
00897,00897.png,3,1.0,100.0,D:\quantization-demo - Copy\test\00897.png,D:\quantization-demo - Copy\arguemted_data\3\pseudo_00897_c3_p10000.png
00907,00907.png,3,1.0,100.0,D:\quantization-demo - Copy\test\00907.png,D:\quantization-demo - Copy\arguemted_data\3\pseudo_00907_c3_p10000.png
01225,01225.png,3,1.0,100.0,D:\quantization-demo - Copy\test\01225.png,D:\quantization-demo - Copy\arguemted_data\3\pseudo_01225_c3_p10000.png
01259,01259.png,3,1.0,100.0,D:\quantization-demo - Copy\test\01259.png,D:\quantization-demo - Copy\arguemted_data\3\pseudo_01259_c3_p10000.png
01344,01344.png,3,1.0,100.0,D:\quantization-demo - Copy\test\01344.png,D:\quantization-demo - Copy\arguemted_data\3\pseudo_01344_c3_p10000.png
01406,01406.png,3,1.0,100.0,D:\quantization-demo - Copy\test\01406.png,D:\quantization-demo - Copy\arguemted_data\3\pseudo_01406_c3_p10000.png
01477,01477.png,3,1.0,100.0,D:\quantization-demo - Copy\test\01477.png,D:\quantization-demo - Copy\arguemted_data\3\pseudo_01477_c3_p10000.png
01739,01739.png,3,1.0,100.0,D:\quantization-demo - Copy\test\01739.png,D:\quantization-demo - Copy\arguemted_data\3\pseudo_01739_c3_p10000.png
01940,01940.png,3,1.0,100.0,D:\quantization-demo - Copy\test\01940.png,D:\quantization-demo - Copy\arguemted_data\3\pseudo_01940_c3_p10000.png
02063,02063.png,3,1.0,100.0,D:\quantization-demo - Copy\test\02063.png,D:\quantization-demo - Copy\arguemted_data\3\pseudo_02063_c3_p10000.png
02144,02144.png,3,1.0,100.0,D:\quantization-demo - Copy\test\02144.png,D:\quantization-demo - Copy\arguemted_data\3\pseudo_02144_c3_p10000.png
02148,02148.png,3,1.0,100.0,D:\quantization-demo - Copy\test\02148.png,D:\quantization-demo - Copy\arguemted_data\3\pseudo_02148_c3_p10000.png
02206,02206.png,3,1.0,100.0,D:\quantization-demo - Copy\test\02206.png,D:\quantization-demo - Copy\arguemted_data\3\pseudo_02206_c3_p10000.png
02380,02380.png,3,1.0,100.0,D:\quantization-demo - Copy\test\02380.png,D:\quantization-demo - Copy\arguemted_data\3\pseudo_02380_c3_p10000.png
02476,02476.png,3,1.0,100.0,D:\quantization-demo - Copy\test\02476.png,D:\quantization-demo - Copy\arguemted_data\3\pseudo_02476_c3_p10000.png
02512,02512.png,3,1.0,100.0,D:\quantization-demo - Copy\test\02512.png,D:\quantization-demo - Copy\arguemted_data\3\pseudo_02512_c3_p10000.png
02866,02866.png,3,1.0,100.0,D:\quantization-demo - Copy\test\02866.png,D:\quantization-demo - Copy\arguemted_data\3\pseudo_02866_c3_p10000.png
02874,02874.png,3,1.0,100.0,D:\quantization-demo - Copy\test\02874.png,D:\quantization-demo - Copy\arguemted_data\3\pseudo_02874_c3_p10000.png
00023,00023.png,4,1.0,100.0,D:\quantization-demo - Copy\test\00023.png,D:\quantization-demo - Copy\arguemted_data\4\pseudo_00023_c4_p10000.png
00025,00025.png,4,1.0,100.0,D:\quantization-demo - Copy\test\00025.png,D:\quantization-demo - Copy\arguemted_data\4\pseudo_00025_c4_p10000.png
00071,00071.png,4,1.0,100.0,D:\quantization-demo - Copy\test\00071.png,D:\quantization-demo - Copy\arguemted_data\4\pseudo_00071_c4_p10000.png
00096,00096.png,4,1.0,100.0,D:\quantization-demo - Copy\test\00096.png,D:\quantization-demo - Copy\arguemted_data\4\pseudo_00096_c4_p10000.png
00195,00195.png,4,1.0,100.0,D:\quantization-demo - Copy\test\00195.png,D:\quantization-demo - Copy\arguemted_data\4\pseudo_00195_c4_p10000.png
00281,00281.png,4,1.0,100.0,D:\quantization-demo - Copy\test\00281.png,D:\quantization-demo - Copy\arguemted_data\4\pseudo_00281_c4_p10000.png
00462,00462.png,4,1.0,100.0,D:\quantization-demo - Copy\test\00462.png,D:\quantization-demo - Copy\arguemted_data\4\pseudo_00462_c4_p10000.png
00471,00471.png,4,1.0,100.0,D:\quantization-demo - Copy\test\00471.png,D:\quantization-demo - Copy\arguemted_data\4\pseudo_00471_c4_p10000.png
00552,00552.png,4,1.0,100.0,D:\quantization-demo - Copy\test\00552.png,D:\quantization-demo - Copy\arguemted_data\4\pseudo_00552_c4_p10000.png
00594,00594.png,4,1.0,100.0,D:\quantization-demo - Copy\test\00594.png,D:\quantization-demo - Copy\arguemted_data\4\pseudo_00594_c4_p10000.png
00651,00651.png,4,1.0,100.0,D:\quantization-demo - Copy\test\00651.png,D:\quantization-demo - Copy\arguemted_data\4\pseudo_00651_c4_p10000.png
00731,00731.png,4,1.0,100.0,D:\quantization-demo - Copy\test\00731.png,D:\quantization-demo - Copy\arguemted_data\4\pseudo_00731_c4_p10000.png
00746,00746.png,4,1.0,100.0,D:\quantization-demo - Copy\test\00746.png,D:\quantization-demo - Copy\arguemted_data\4\pseudo_00746_c4_p10000.png
00926,00926.png,4,1.0,100.0,D:\quantization-demo - Copy\test\00926.png,D:\quantization-demo - Copy\arguemted_data\4\pseudo_00926_c4_p10000.png
00927,00927.png,4,1.0,100.0,D:\quantization-demo - Copy\test\00927.png,D:\quantization-demo - Copy\arguemted_data\4\pseudo_00927_c4_p10000.png
00965,00965.png,4,1.0,100.0,D:\quantization-demo - Copy\test\00965.png,D:\quantization-demo - Copy\arguemted_data\4\pseudo_00965_c4_p10000.png
00976,00976.png,4,1.0,100.0,D:\quantization-demo - Copy\test\00976.png,D:\quantization-demo - Copy\arguemted_data\4\pseudo_00976_c4_p10000.png
01033,01033.png,4,1.0,100.0,D:\quantization-demo - Copy\test\01033.png,D:\quantization-demo - Copy\arguemted_data\4\pseudo_01033_c4_p10000.png
01041,01041.png,4,1.0,100.0,D:\quantization-demo - Copy\test\01041.png,D:\quantization-demo - Copy\arguemted_data\4\pseudo_01041_c4_p10000.png
01317,01317.png,4,1.0,100.0,D:\quantization-demo - Copy\test\01317.png,D:\quantization-demo - Copy\arguemted_data\4\pseudo_01317_c4_p10000.png
01436,01436.png,4,1.0,100.0,D:\quantization-demo - Copy\test\01436.png,D:\quantization-demo - Copy\arguemted_data\4\pseudo_01436_c4_p10000.png
01559,01559.png,4,1.0,100.0,D:\quantization-demo - Copy\test\01559.png,D:\quantization-demo - Copy\arguemted_data\4\pseudo_01559_c4_p10000.png
01569,01569.png,4,1.0,100.0,D:\quantization-demo - Copy\test\01569.png,D:\quantization-demo - Copy\arguemted_data\4\pseudo_01569_c4_p10000.png
01572,01572.png,4,1.0,100.0,D:\quantization-demo - Copy\test\01572.png,D:\quantization-demo - Copy\arguemted_data\4\pseudo_01572_c4_p10000.png
01727,01727.png,4,1.0,100.0,D:\quantization-demo - Copy\test\01727.png,D:\quantization-demo - Copy\arguemted_data\4\pseudo_01727_c4_p10000.png
01788,01788.png,4,1.0,100.0,D:\quantization-demo - Copy\test\01788.png,D:\quantization-demo - Copy\arguemted_data\4\pseudo_01788_c4_p10000.png
01949,01949.png,4,1.0,100.0,D:\quantization-demo - Copy\test\01949.png,D:\quantization-demo - Copy\arguemted_data\4\pseudo_01949_c4_p10000.png
02050,02050.png,4,1.0,100.0,D:\quantization-demo - Copy\test\02050.png,D:\quantization-demo - Copy\arguemted_data\4\pseudo_02050_c4_p10000.png
02240,02240.png,4,1.0,100.0,D:\quantization-demo - Copy\test\02240.png,D:\quantization-demo - Copy\arguemted_data\4\pseudo_02240_c4_p10000.png
02251,02251.png,4,1.0,100.0,D:\quantization-demo - Copy\test\02251.png,D:\quantization-demo - Copy\arguemted_data\4\pseudo_02251_c4_p10000.png
02409,02409.png,4,1.0,100.0,D:\quantization-demo - Copy\test\02409.png,D:\quantization-demo - Copy\arguemted_data\4\pseudo_02409_c4_p10000.png
02414,02414.png,4,1.0,100.0,D:\quantization-demo - Copy\test\02414.png,D:\quantization-demo - Copy\arguemted_data\4\pseudo_02414_c4_p10000.png
02523,02523.png,4,1.0,100.0,D:\quantization-demo - Copy\test\02523.png,D:\quantization-demo - Copy\arguemted_data\4\pseudo_02523_c4_p10000.png
02564,02564.png,4,1.0,100.0,D:\quantization-demo - Copy\test\02564.png,D:\quantization-demo - Copy\arguemted_data\4\pseudo_02564_c4_p10000.png
02567,02567.png,4,1.0,100.0,D:\quantization-demo - Copy\test\02567.png,D:\quantization-demo - Copy\arguemted_data\4\pseudo_02567_c4_p10000.png
02574,02574.png,4,1.0,100.0,D:\quantization-demo - Copy\test\02574.png,D:\quantization-demo - Copy\arguemted_data\4\pseudo_02574_c4_p10000.png
02672,02672.png,4,1.0,100.0,D:\quantization-demo - Copy\test\02672.png,D:\quantization-demo - Copy\arguemted_data\4\pseudo_02672_c4_p10000.png
02847,02847.png,4,1.0,100.0,D:\quantization-demo - Copy\test\02847.png,D:\quantization-demo - Copy\arguemted_data\4\pseudo_02847_c4_p10000.png
02872,02872.png,4,1.0,100.0,D:\quantization-demo - Copy\test\02872.png,D:\quantization-demo - Copy\arguemted_data\4\pseudo_02872_c4_p10000.png
02928,02928.png,4,1.0,100.0,D:\quantization-demo - Copy\test\02928.png,D:\quantization-demo - Copy\arguemted_data\4\pseudo_02928_c4_p10000.png
03026,03026.png,4,1.0,100.0,D:\quantization-demo - Copy\test\03026.png,D:\quantization-demo - Copy\arguemted_data\4\pseudo_03026_c4_p10000.png
03036,03036.png,4,1.0,100.0,D:\quantization-demo - Copy\test\03036.png,D:\quantization-demo - Copy\arguemted_data\4\pseudo_03036_c4_p10000.png
03060,03060.png,4,1.0,100.0,D:\quantization-demo - Copy\test\03060.png,D:\quantization-demo - Copy\arguemted_data\4\pseudo_03060_c4_p10000.png
03089,03089.png,4,1.0,100.0,D:\quantization-demo - Copy\test\03089.png,D:\quantization-demo - Copy\arguemted_data\4\pseudo_03089_c4_p10000.png
00069,00069.png,5,1.0,100.0,D:\quantization-demo - Copy\test\00069.png,D:\quantization-demo - Copy\arguemted_data\5\pseudo_00069_c5_p10000.png
00104,00104.png,5,1.0,100.0,D:\quantization-demo - Copy\test\00104.png,D:\quantization-demo - Copy\arguemted_data\5\pseudo_00104_c5_p10000.png
00108,00108.png,5,1.0,100.0,D:\quantization-demo - Copy\test\00108.png,D:\quantization-demo - Copy\arguemted_data\5\pseudo_00108_c5_p10000.png
00175,00175.png,5,1.0,100.0,D:\quantization-demo - Copy\test\00175.png,D:\quantization-demo - Copy\arguemted_data\5\pseudo_00175_c5_p10000.png
00231,00231.png,5,1.0,100.0,D:\quantization-demo - Copy\test\00231.png,D:\quantization-demo - Copy\arguemted_data\5\pseudo_00231_c5_p10000.png
00261,00261.png,5,1.0,100.0,D:\quantization-demo - Copy\test\00261.png,D:\quantization-demo - Copy\arguemted_data\5\pseudo_00261_c5_p10000.png
00368,00368.png,5,1.0,100.0,D:\quantization-demo - Copy\test\00368.png,D:\quantization-demo - Copy\arguemted_data\5\pseudo_00368_c5_p10000.png
00383,00383.png,5,1.0,100.0,D:\quantization-demo - Copy\test\00383.png,D:\quantization-demo - Copy\arguemted_data\5\pseudo_00383_c5_p10000.png
00414,00414.png,5,1.0,100.0,D:\quantization-demo - Copy\test\00414.png,D:\quantization-demo - Copy\arguemted_data\5\pseudo_00414_c5_p10000.png
00489,00489.png,5,1.0,100.0,D:\quantization-demo - Copy\test\00489.png,D:\quantization-demo - Copy\arguemted_data\5\pseudo_00489_c5_p10000.png
00497,00497.png,5,1.0,100.0,D:\quantization-demo - Copy\test\00497.png,D:\quantization-demo - Copy\arguemted_data\5\pseudo_00497_c5_p10000.png
00602,00602.png,5,1.0,100.0,D:\quantization-demo - Copy\test\00602.png,D:\quantization-demo - Copy\arguemted_data\5\pseudo_00602_c5_p10000.png
00809,00809.png,5,1.0,100.0,D:\quantization-demo - Copy\test\00809.png,D:\quantization-demo - Copy\arguemted_data\5\pseudo_00809_c5_p10000.png
00937,00937.png,5,1.0,100.0,D:\quantization-demo - Copy\test\00937.png,D:\quantization-demo - Copy\arguemted_data\5\pseudo_00937_c5_p10000.png
01003,01003.png,5,1.0,100.0,D:\quantization-demo - Copy\test\01003.png,D:\quantization-demo - Copy\arguemted_data\5\pseudo_01003_c5_p10000.png
01029,01029.png,5,1.0,100.0,D:\quantization-demo - Copy\test\01029.png,D:\quantization-demo - Copy\arguemted_data\5\pseudo_01029_c5_p10000.png
01133,01133.png,5,1.0,100.0,D:\quantization-demo - Copy\test\01133.png,D:\quantization-demo - Copy\arguemted_data\5\pseudo_01133_c5_p10000.png
01343,01343.png,5,1.0,100.0,D:\quantization-demo - Copy\test\01343.png,D:\quantization-demo - Copy\arguemted_data\5\pseudo_01343_c5_p10000.png
01378,01378.png,5,1.0,100.0,D:\quantization-demo - Copy\test\01378.png,D:\quantization-demo - Copy\arguemted_data\5\pseudo_01378_c5_p10000.png
01446,01446.png,5,1.0,100.0,D:\quantization-demo - Copy\test\01446.png,D:\quantization-demo - Copy\arguemted_data\5\pseudo_01446_c5_p10000.png
01503,01503.png,5,1.0,100.0,D:\quantization-demo - Copy\test\01503.png,D:\quantization-demo - Copy\arguemted_data\5\pseudo_01503_c5_p10000.png
01525,01525.png,5,1.0,100.0,D:\quantization-demo - Copy\test\01525.png,D:\quantization-demo - Copy\arguemted_data\5\pseudo_01525_c5_p10000.png
01612,01612.png,5,1.0,100.0,D:\quantization-demo - Copy\test\01612.png,D:\quantization-demo - Copy\arguemted_data\5\pseudo_01612_c5_p10000.png
01616,01616.png,5,1.0,100.0,D:\quantization-demo - Copy\test\01616.png,D:\quantization-demo - Copy\arguemted_data\5\pseudo_01616_c5_p10000.png
01670,01670.png,5,1.0,100.0,D:\quantization-demo - Copy\test\01670.png,D:\quantization-demo - Copy\arguemted_data\5\pseudo_01670_c5_p10000.png
01803,01803.png,5,1.0,100.0,D:\quantization-demo - Copy\test\01803.png,D:\quantization-demo - Copy\arguemted_data\5\pseudo_01803_c5_p10000.png
01808,01808.png,5,1.0,100.0,D:\quantization-demo - Copy\test\01808.png,D:\quantization-demo - Copy\arguemted_data\5\pseudo_01808_c5_p10000.png
01889,01889.png,5,1.0,100.0,D:\quantization-demo - Copy\test\01889.png,D:\quantization-demo - Copy\arguemted_data\5\pseudo_01889_c5_p10000.png
01995,01995.png,5,1.0,100.0,D:\quantization-demo - Copy\test\01995.png,D:\quantization-demo - Copy\arguemted_data\5\pseudo_01995_c5_p10000.png
02016,02016.png,5,1.0,100.0,D:\quantization-demo - Copy\test\02016.png,D:\quantization-demo - Copy\arguemted_data\5\pseudo_02016_c5_p10000.png
02030,02030.png,5,1.0,100.0,D:\quantization-demo - Copy\test\02030.png,D:\quantization-demo - Copy\arguemted_data\5\pseudo_02030_c5_p10000.png
02044,02044.png,5,1.0,100.0,D:\quantization-demo - Copy\test\02044.png,D:\quantization-demo - Copy\arguemted_data\5\pseudo_02044_c5_p10000.png
02080,02080.png,5,1.0,100.0,D:\quantization-demo - Copy\test\02080.png,D:\quantization-demo - Copy\arguemted_data\5\pseudo_02080_c5_p10000.png
02112,02112.png,5,1.0,100.0,D:\quantization-demo - Copy\test\02112.png,D:\quantization-demo - Copy\arguemted_data\5\pseudo_02112_c5_p10000.png
02188,02188.png,5,1.0,100.0,D:\quantization-demo - Copy\test\02188.png,D:\quantization-demo - Copy\arguemted_data\5\pseudo_02188_c5_p10000.png
02202,02202.png,5,1.0,100.0,D:\quantization-demo - Copy\test\02202.png,D:\quantization-demo - Copy\arguemted_data\5\pseudo_02202_c5_p10000.png
02232,02232.png,5,1.0,100.0,D:\quantization-demo - Copy\test\02232.png,D:\quantization-demo - Copy\arguemted_data\5\pseudo_02232_c5_p10000.png
02342,02342.png,5,1.0,100.0,D:\quantization-demo - Copy\test\02342.png,D:\quantization-demo - Copy\arguemted_data\5\pseudo_02342_c5_p10000.png
02422,02422.png,5,1.0,100.0,D:\quantization-demo - Copy\test\02422.png,D:\quantization-demo - Copy\arguemted_data\5\pseudo_02422_c5_p10000.png
02436,02436.png,5,1.0,100.0,D:\quantization-demo - Copy\test\02436.png,D:\quantization-demo - Copy\arguemted_data\5\pseudo_02436_c5_p10000.png
02509,02509.png,5,1.0,100.0,D:\quantization-demo - Copy\test\02509.png,D:\quantization-demo - Copy\arguemted_data\5\pseudo_02509_c5_p10000.png
02627,02627.png,5,1.0,100.0,D:\quantization-demo - Copy\test\02627.png,D:\quantization-demo - Copy\arguemted_data\5\pseudo_02627_c5_p10000.png
02760,02760.png,5,1.0,100.0,D:\quantization-demo - Copy\test\02760.png,D:\quantization-demo - Copy\arguemted_data\5\pseudo_02760_c5_p10000.png
02808,02808.png,5,1.0,100.0,D:\quantization-demo - Copy\test\02808.png,D:\quantization-demo - Copy\arguemted_data\5\pseudo_02808_c5_p10000.png
02892,02892.png,5,1.0,100.0,D:\quantization-demo - Copy\test\02892.png,D:\quantization-demo - Copy\arguemted_data\5\pseudo_02892_c5_p10000.png
02932,02932.png,5,1.0,100.0,D:\quantization-demo - Copy\test\02932.png,D:\quantization-demo - Copy\arguemted_data\5\pseudo_02932_c5_p10000.png
03059,03059.png,5,1.0,100.0,D:\quantization-demo - Copy\test\03059.png,D:\quantization-demo - Copy\arguemted_data\5\pseudo_03059_c5_p10000.png
00063,00063.png,6,1.0,100.0,D:\quantization-demo - Copy\test\00063.png,D:\quantization-demo - Copy\arguemted_data\6\pseudo_00063_c6_p10000.png
00076,00076.png,6,1.0,100.0,D:\quantization-demo - Copy\test\00076.png,D:\quantization-demo - Copy\arguemted_data\6\pseudo_00076_c6_p10000.png
00152,00152.png,6,1.0,100.0,D:\quantization-demo - Copy\test\00152.png,D:\quantization-demo - Copy\arguemted_data\6\pseudo_00152_c6_p10000.png
00173,00173.png,6,1.0,100.0,D:\quantization-demo - Copy\test\00173.png,D:\quantization-demo - Copy\arguemted_data\6\pseudo_00173_c6_p10000.png
00211,00211.png,6,1.0,100.0,D:\quantization-demo - Copy\test\00211.png,D:\quantization-demo - Copy\arguemted_data\6\pseudo_00211_c6_p10000.png
00349,00349.png,6,1.0,100.0,D:\quantization-demo - Copy\test\00349.png,D:\quantization-demo - Copy\arguemted_data\6\pseudo_00349_c6_p10000.png
00478,00478.png,6,1.0,100.0,D:\quantization-demo - Copy\test\00478.png,D:\quantization-demo - Copy\arguemted_data\6\pseudo_00478_c6_p10000.png
00650,00650.png,6,1.0,100.0,D:\quantization-demo - Copy\test\00650.png,D:\quantization-demo - Copy\arguemted_data\6\pseudo_00650_c6_p10000.png
00748,00748.png,6,1.0,100.0,D:\quantization-demo - Copy\test\00748.png,D:\quantization-demo - Copy\arguemted_data\6\pseudo_00748_c6_p10000.png
00923,00923.png,6,1.0,100.0,D:\quantization-demo - Copy\test\00923.png,D:\quantization-demo - Copy\arguemted_data\6\pseudo_00923_c6_p10000.png
00962,00962.png,6,1.0,100.0,D:\quantization-demo - Copy\test\00962.png,D:\quantization-demo - Copy\arguemted_data\6\pseudo_00962_c6_p10000.png
01037,01037.png,6,1.0,100.0,D:\quantization-demo - Copy\test\01037.png,D:\quantization-demo - Copy\arguemted_data\6\pseudo_01037_c6_p10000.png
01161,01161.png,6,1.0,100.0,D:\quantization-demo - Copy\test\01161.png,D:\quantization-demo - Copy\arguemted_data\6\pseudo_01161_c6_p10000.png
01320,01320.png,6,1.0,100.0,D:\quantization-demo - Copy\test\01320.png,D:\quantization-demo - Copy\arguemted_data\6\pseudo_01320_c6_p10000.png
01468,01468.png,6,1.0,100.0,D:\quantization-demo - Copy\test\01468.png,D:\quantization-demo - Copy\arguemted_data\6\pseudo_01468_c6_p10000.png
01480,01480.png,6,1.0,100.0,D:\quantization-demo - Copy\test\01480.png,D:\quantization-demo - Copy\arguemted_data\6\pseudo_01480_c6_p10000.png
01505,01505.png,6,1.0,100.0,D:\quantization-demo - Copy\test\01505.png,D:\quantization-demo - Copy\arguemted_data\6\pseudo_01505_c6_p10000.png
01567,01567.png,6,1.0,100.0,D:\quantization-demo - Copy\test\01567.png,D:\quantization-demo - Copy\arguemted_data\6\pseudo_01567_c6_p10000.png
01608,01608.png,6,1.0,100.0,D:\quantization-demo - Copy\test\01608.png,D:\quantization-demo - Copy\arguemted_data\6\pseudo_01608_c6_p10000.png
01644,01644.png,6,1.0,100.0,D:\quantization-demo - Copy\test\01644.png,D:\quantization-demo - Copy\arguemted_data\6\pseudo_01644_c6_p10000.png
01744,01744.png,6,1.0,100.0,D:\quantization-demo - Copy\test\01744.png,D:\quantization-demo - Copy\arguemted_data\6\pseudo_01744_c6_p10000.png
01746,01746.png,6,1.0,100.0,D:\quantization-demo - Copy\test\01746.png,D:\quantization-demo - Copy\arguemted_data\6\pseudo_01746_c6_p10000.png
01776,01776.png,6,1.0,100.0,D:\quantization-demo - Copy\test\01776.png,D:\quantization-demo - Copy\arguemted_data\6\pseudo_01776_c6_p10000.png
01951,01951.png,6,1.0,100.0,D:\quantization-demo - Copy\test\01951.png,D:\quantization-demo - Copy\arguemted_data\6\pseudo_01951_c6_p10000.png
01977,01977.png,6,1.0,100.0,D:\quantization-demo - Copy\test\01977.png,D:\quantization-demo - Copy\arguemted_data\6\pseudo_01977_c6_p10000.png
02051,02051.png,6,1.0,100.0,D:\quantization-demo - Copy\test\02051.png,D:\quantization-demo - Copy\arguemted_data\6\pseudo_02051_c6_p10000.png
02132,02132.png,6,1.0,100.0,D:\quantization-demo - Copy\test\02132.png,D:\quantization-demo - Copy\arguemted_data\6\pseudo_02132_c6_p10000.png
02138,02138.png,6,1.0,100.0,D:\quantization-demo - Copy\test\02138.png,D:\quantization-demo - Copy\arguemted_data\6\pseudo_02138_c6_p10000.png
02243,02243.png,6,1.0,100.0,D:\quantization-demo - Copy\test\02243.png,D:\quantization-demo - Copy\arguemted_data\6\pseudo_02243_c6_p10000.png
02263,02263.png,6,1.0,100.0,D:\quantization-demo - Copy\test\02263.png,D:\quantization-demo - Copy\arguemted_data\6\pseudo_02263_c6_p10000.png
02269,02269.png,6,1.0,100.0,D:\quantization-demo - Copy\test\02269.png,D:\quantization-demo - Copy\arguemted_data\6\pseudo_02269_c6_p10000.png
02292,02292.png,6,1.0,100.0,D:\quantization-demo - Copy\test\02292.png,D:\quantization-demo - Copy\arguemted_data\6\pseudo_02292_c6_p10000.png
02298,02298.png,6,1.0,100.0,D:\quantization-demo - Copy\test\02298.png,D:\quantization-demo - Copy\arguemted_data\6\pseudo_02298_c6_p10000.png
02328,02328.png,6,1.0,100.0,D:\quantization-demo - Copy\test\02328.png,D:\quantization-demo - Copy\arguemted_data\6\pseudo_02328_c6_p10000.png
02389,02389.png,6,1.0,100.0,D:\quantization-demo - Copy\test\02389.png,D:\quantization-demo - Copy\arguemted_data\6\pseudo_02389_c6_p10000.png
02390,02390.png,6,1.0,100.0,D:\quantization-demo - Copy\test\02390.png,D:\quantization-demo - Copy\arguemted_data\6\pseudo_02390_c6_p10000.png
02439,02439.png,6,1.0,100.0,D:\quantization-demo - Copy\test\02439.png,D:\quantization-demo - Copy\arguemted_data\6\pseudo_02439_c6_p10000.png
02484,02484.png,6,1.0,100.0,D:\quantization-demo - Copy\test\02484.png,D:\quantization-demo - Copy\arguemted_data\6\pseudo_02484_c6_p10000.png
02719,02719.png,6,1.0,100.0,D:\quantization-demo - Copy\test\02719.png,D:\quantization-demo - Copy\arguemted_data\6\pseudo_02719_c6_p10000.png
02801,02801.png,6,1.0,100.0,D:\quantization-demo - Copy\test\02801.png,D:\quantization-demo - Copy\arguemted_data\6\pseudo_02801_c6_p10000.png
02810,02810.png,6,1.0,100.0,D:\quantization-demo - Copy\test\02810.png,D:\quantization-demo - Copy\arguemted_data\6\pseudo_02810_c6_p10000.png
02812,02812.png,6,1.0,100.0,D:\quantization-demo - Copy\test\02812.png,D:\quantization-demo - Copy\arguemted_data\6\pseudo_02812_c6_p10000.png
02909,02909.png,6,1.0,100.0,D:\quantization-demo - Copy\test\02909.png,D:\quantization-demo - Copy\arguemted_data\6\pseudo_02909_c6_p10000.png
02943,02943.png,6,1.0,100.0,D:\quantization-demo - Copy\test\02943.png,D:\quantization-demo - Copy\arguemted_data\6\pseudo_02943_c6_p10000.png
02969,02969.png,6,1.0,100.0,D:\quantization-demo - Copy\test\02969.png,D:\quantization-demo - Copy\arguemted_data\6\pseudo_02969_c6_p10000.png
02972,02972.png,6,1.0,100.0,D:\quantization-demo - Copy\test\02972.png,D:\quantization-demo - Copy\arguemted_data\6\pseudo_02972_c6_p10000.png
02976,02976.png,6,1.0,100.0,D:\quantization-demo - Copy\test\02976.png,D:\quantization-demo - Copy\arguemted_data\6\pseudo_02976_c6_p10000.png
03080,03080.png,6,1.0,100.0,D:\quantization-demo - Copy\test\03080.png,D:\quantization-demo - Copy\arguemted_data\6\pseudo_03080_c6_p10000.png
00030,00030.png,7,1.0,100.0,D:\quantization-demo - Copy\test\00030.png,D:\quantization-demo - Copy\arguemted_data\7\pseudo_00030_c7_p10000.png
00044,00044.png,7,1.0,100.0,D:\quantization-demo - Copy\test\00044.png,D:\quantization-demo - Copy\arguemted_data\7\pseudo_00044_c7_p10000.png
00051,00051.png,7,1.0,100.0,D:\quantization-demo - Copy\test\00051.png,D:\quantization-demo - Copy\arguemted_data\7\pseudo_00051_c7_p10000.png
00099,00099.png,7,1.0,100.0,D:\quantization-demo - Copy\test\00099.png,D:\quantization-demo - Copy\arguemted_data\7\pseudo_00099_c7_p10000.png
00588,00588.png,7,1.0,100.0,D:\quantization-demo - Copy\test\00588.png,D:\quantization-demo - Copy\arguemted_data\7\pseudo_00588_c7_p10000.png
00691,00691.png,7,1.0,100.0,D:\quantization-demo - Copy\test\00691.png,D:\quantization-demo - Copy\arguemted_data\7\pseudo_00691_c7_p10000.png
00742,00742.png,7,1.0,100.0,D:\quantization-demo - Copy\test\00742.png,D:\quantization-demo - Copy\arguemted_data\7\pseudo_00742_c7_p10000.png
00842,00842.png,7,1.0,100.0,D:\quantization-demo - Copy\test\00842.png,D:\quantization-demo - Copy\arguemted_data\7\pseudo_00842_c7_p10000.png
01078,01078.png,7,1.0,100.0,D:\quantization-demo - Copy\test\01078.png,D:\quantization-demo - Copy\arguemted_data\7\pseudo_01078_c7_p10000.png
01102,01102.png,7,1.0,100.0,D:\quantization-demo - Copy\test\01102.png,D:\quantization-demo - Copy\arguemted_data\7\pseudo_01102_c7_p10000.png
01253,01253.png,7,1.0,100.0,D:\quantization-demo - Copy\test\01253.png,D:\quantization-demo - Copy\arguemted_data\7\pseudo_01253_c7_p10000.png
01366,01366.png,7,1.0,100.0,D:\quantization-demo - Copy\test\01366.png,D:\quantization-demo - Copy\arguemted_data\7\pseudo_01366_c7_p10000.png
01488,01488.png,7,1.0,100.0,D:\quantization-demo - Copy\test\01488.png,D:\quantization-demo - Copy\arguemted_data\7\pseudo_01488_c7_p10000.png
01660,01660.png,7,1.0,100.0,D:\quantization-demo - Copy\test\01660.png,D:\quantization-demo - Copy\arguemted_data\7\pseudo_01660_c7_p10000.png
01800,01800.png,7,1.0,100.0,D:\quantization-demo - Copy\test\01800.png,D:\quantization-demo - Copy\arguemted_data\7\pseudo_01800_c7_p10000.png
01864,01864.png,7,1.0,100.0,D:\quantization-demo - Copy\test\01864.png,D:\quantization-demo - Copy\arguemted_data\7\pseudo_01864_c7_p10000.png
02167,02167.png,7,1.0,100.0,D:\quantization-demo - Copy\test\02167.png,D:\quantization-demo - Copy\arguemted_data\7\pseudo_02167_c7_p10000.png
02211,02211.png,7,1.0,100.0,D:\quantization-demo - Copy\test\02211.png,D:\quantization-demo - Copy\arguemted_data\7\pseudo_02211_c7_p10000.png
02299,02299.png,7,1.0,100.0,D:\quantization-demo - Copy\test\02299.png,D:\quantization-demo - Copy\arguemted_data\7\pseudo_02299_c7_p10000.png
02321,02321.png,7,1.0,100.0,D:\quantization-demo - Copy\test\02321.png,D:\quantization-demo - Copy\arguemted_data\7\pseudo_02321_c7_p10000.png
02347,02347.png,7,1.0,100.0,D:\quantization-demo - Copy\test\02347.png,D:\quantization-demo - Copy\arguemted_data\7\pseudo_02347_c7_p10000.png
02525,02525.png,7,1.0,100.0,D:\quantization-demo - Copy\test\02525.png,D:\quantization-demo - Copy\arguemted_data\7\pseudo_02525_c7_p10000.png
02597,02597.png,7,1.0,100.0,D:\quantization-demo - Copy\test\02597.png,D:\quantization-demo - Copy\arguemted_data\7\pseudo_02597_c7_p10000.png
02691,02691.png,7,1.0,100.0,D:\quantization-demo - Copy\test\02691.png,D:\quantization-demo - Copy\arguemted_data\7\pseudo_02691_c7_p10000.png
02794,02794.png,7,1.0,100.0,D:\quantization-demo - Copy\test\02794.png,D:\quantization-demo - Copy\arguemted_data\7\pseudo_02794_c7_p10000.png
02800,02800.png,7,1.0,100.0,D:\quantization-demo - Copy\test\02800.png,D:\quantization-demo - Copy\arguemted_data\7\pseudo_02800_c7_p10000.png
03016,03016.png,7,1.0,100.0,D:\quantization-demo - Copy\test\03016.png,D:\quantization-demo - Copy\arguemted_data\7\pseudo_03016_c7_p10000.png
03027,03027.png,7,1.0,100.0,D:\quantization-demo - Copy\test\03027.png,D:\quantization-demo - Copy\arguemted_data\7\pseudo_03027_c7_p10000.png
01600,01600.png,8,1.0,100.0,D:\quantization-demo - Copy\test\01600.png,D:\quantization-demo - Copy\arguemted_data\8\pseudo_01600_c8_p10000.png
01662,01662.png,8,1.0,100.0,D:\quantization-demo - Copy\test\01662.png,D:\quantization-demo - Copy\arguemted_data\8\pseudo_01662_c8_p10000.png
01697,01697.png,8,1.0,100.0,D:\quantization-demo - Copy\test\01697.png,D:\quantization-demo - Copy\arguemted_data\8\pseudo_01697_c8_p10000.png
02966,02966.png,8,1.0,100.0,D:\quantization-demo - Copy\test\02966.png,D:\quantization-demo - Copy\arguemted_data\8\pseudo_02966_c8_p10000.png
00858,00858.png,9,1.0,100.0,D:\quantization-demo - Copy\test\00858.png,D:\quantization-demo - Copy\arguemted_data\9\pseudo_00858_c9_p10000.png
00990,00990.png,9,1.0,100.0,D:\quantization-demo - Copy\test\00990.png,D:\quantization-demo - Copy\arguemted_data\9\pseudo_00990_c9_p10000.png
01298,01298.png,9,1.0,100.0,D:\quantization-demo - Copy\test\01298.png,D:\quantization-demo - Copy\arguemted_data\9\pseudo_01298_c9_p10000.png
01717,01717.png,9,1.0,100.0,D:\quantization-demo - Copy\test\01717.png,D:\quantization-demo - Copy\arguemted_data\9\pseudo_01717_c9_p10000.png
02621,02621.png,9,1.0,100.0,D:\quantization-demo - Copy\test\02621.png,D:\quantization-demo - Copy\arguemted_data\9\pseudo_02621_c9_p10000.png
02785,02785.png,9,1.0,100.0,D:\quantization-demo - Copy\test\02785.png,D:\quantization-demo - Copy\arguemted_data\9\pseudo_02785_c9_p10000.png
02900,02900.png,9,1.0,100.0,D:\quantization-demo - Copy\test\02900.png,D:\quantization-demo - Copy\arguemted_data\9\pseudo_02900_c9_p10000.png
02990,02990.png,9,1.0,100.0,D:\quantization-demo - Copy\test\02990.png,D:\quantization-demo - Copy\arguemted_data\9\pseudo_02990_c9_p10000.png
00008,00008.png,0,1.0,100.0,D:\quantization-demo - Copy\test\00008.png,D:\quantization-demo - Copy\arguemted_data\0\pseudo_00008_c0_p10000.png
00219,00219.png,0,1.0,100.0,D:\quantization-demo - Copy\test\00219.png,D:\quantization-demo - Copy\arguemted_data\0\pseudo_00219_c0_p10000.png
00556,00556.png,0,1.0,100.0,D:\quantization-demo - Copy\test\00556.png,D:\quantization-demo - Copy\arguemted_data\0\pseudo_00556_c0_p10000.png
01461,01461.png,0,1.0,100.0,D:\quantization-demo - Copy\test\01461.png,D:\quantization-demo - Copy\arguemted_data\0\pseudo_01461_c0_p10000.png
01611,01611.png,0,1.0,100.0,D:\quantization-demo - Copy\test\01611.png,D:\quantization-demo - Copy\arguemted_data\0\pseudo_01611_c0_p10000.png
02506,02506.png,0,1.0,100.0,D:\quantization-demo - Copy\test\02506.png,D:\quantization-demo - Copy\arguemted_data\0\pseudo_02506_c0_p10000.png
02630,02630.png,0,1.0,100.0,D:\quantization-demo - Copy\test\02630.png,D:\quantization-demo - Copy\arguemted_data\0\pseudo_02630_c0_p10000.png
00408,00408.png,1,1.0,100.0,D:\quantization-demo - Copy\test\00408.png,D:\quantization-demo - Copy\arguemted_data\1\pseudo_00408_c1_p10000.png
00440,00440.png,1,1.0,100.0,D:\quantization-demo - Copy\test\00440.png,D:\quantization-demo - Copy\arguemted_data\1\pseudo_00440_c1_p10000.png
00572,00572.png,1,1.0,100.0,D:\quantization-demo - Copy\test\00572.png,D:\quantization-demo - Copy\arguemted_data\1\pseudo_00572_c1_p10000.png
01302,01302.png,1,1.0,100.0,D:\quantization-demo - Copy\test\01302.png,D:\quantization-demo - Copy\arguemted_data\1\pseudo_01302_c1_p10000.png
01431,01431.png,1,1.0,100.0,D:\quantization-demo - Copy\test\01431.png,D:\quantization-demo - Copy\arguemted_data\1\pseudo_01431_c1_p10000.png
01554,01554.png,1,1.0,100.0,D:\quantization-demo - Copy\test\01554.png,D:\quantization-demo - Copy\arguemted_data\1\pseudo_01554_c1_p10000.png
01681,01681.png,1,1.0,100.0,D:\quantization-demo - Copy\test\01681.png,D:\quantization-demo - Copy\arguemted_data\1\pseudo_01681_c1_p10000.png
01915,01915.png,1,1.0,100.0,D:\quantization-demo - Copy\test\01915.png,D:\quantization-demo - Copy\arguemted_data\1\pseudo_01915_c1_p10000.png
02472,02472.png,1,1.0,100.0,D:\quantization-demo - Copy\test\02472.png,D:\quantization-demo - Copy\arguemted_data\1\pseudo_02472_c1_p10000.png
02926,02926.png,1,1.0,100.0,D:\quantization-demo - Copy\test\02926.png,D:\quantization-demo - Copy\arguemted_data\1\pseudo_02926_c1_p10000.png
00176,00176.png,2,1.0,100.0,D:\quantization-demo - Copy\test\00176.png,D:\quantization-demo - Copy\arguemted_data\2\pseudo_00176_c2_p10000.png
01174,01174.png,2,1.0,100.0,D:\quantization-demo - Copy\test\01174.png,D:\quantization-demo - Copy\arguemted_data\2\pseudo_01174_c2_p10000.png
02004,02004.png,2,1.0,100.0,D:\quantization-demo - Copy\test\02004.png,D:\quantization-demo - Copy\arguemted_data\2\pseudo_02004_c2_p10000.png
02053,02053.png,2,1.0,100.0,D:\quantization-demo - Copy\test\02053.png,D:\quantization-demo - Copy\arguemted_data\2\pseudo_02053_c2_p10000.png
02107,02107.png,2,1.0,100.0,D:\quantization-demo - Copy\test\02107.png,D:\quantization-demo - Copy\arguemted_data\2\pseudo_02107_c2_p10000.png
02583,02583.png,2,1.0,100.0,D:\quantization-demo - Copy\test\02583.png,D:\quantization-demo - Copy\arguemted_data\2\pseudo_02583_c2_p10000.png
02749,02749.png,2,1.0,100.0,D:\quantization-demo - Copy\test\02749.png,D:\quantization-demo - Copy\arguemted_data\2\pseudo_02749_c2_p10000.png
02823,02823.png,2,1.0,100.0,D:\quantization-demo - Copy\test\02823.png,D:\quantization-demo - Copy\arguemted_data\2\pseudo_02823_c2_p10000.png
03040,03040.png,2,1.0,100.0,D:\quantization-demo - Copy\test\03040.png,D:\quantization-demo - Copy\arguemted_data\2\pseudo_03040_c2_p10000.png
01177,01177.png,3,1.0,100.0,D:\quantization-demo - Copy\test\01177.png,D:\quantization-demo - Copy\arguemted_data\3\pseudo_01177_c3_p10000.png
01295,01295.png,3,1.0,100.0,D:\quantization-demo - Copy\test\01295.png,D:\quantization-demo - Copy\arguemted_data\3\pseudo_01295_c3_p10000.png
01584,01584.png,3,1.0,100.0,D:\quantization-demo - Copy\test\01584.png,D:\quantization-demo - Copy\arguemted_data\3\pseudo_01584_c3_p10000.png
02769,02769.png,3,1.0,100.0,D:\quantization-demo - Copy\test\02769.png,D:\quantization-demo - Copy\arguemted_data\3\pseudo_02769_c3_p10000.png
01034,01034.png,4,1.0,100.0,D:\quantization-demo - Copy\test\01034.png,D:\quantization-demo - Copy\arguemted_data\4\pseudo_01034_c4_p10000.png
01655,01655.png,4,1.0,100.0,D:\quantization-demo - Copy\test\01655.png,D:\quantization-demo - Copy\arguemted_data\4\pseudo_01655_c4_p10000.png
00423,00423.png,5,1.0,100.0,D:\quantization-demo - Copy\test\00423.png,D:\quantization-demo - Copy\arguemted_data\5\pseudo_00423_c5_p10000.png
00087,00087.png,6,1.0,100.0,D:\quantization-demo - Copy\test\00087.png,D:\quantization-demo - Copy\arguemted_data\6\pseudo_00087_c6_p10000.png
01510,01510.png,6,1.0,100.0,D:\quantization-demo - Copy\test\01510.png,D:\quantization-demo - Copy\arguemted_data\6\pseudo_01510_c6_p10000.png
01566,01566.png,6,1.0,100.0,D:\quantization-demo - Copy\test\01566.png,D:\quantization-demo - Copy\arguemted_data\6\pseudo_01566_c6_p10000.png
02530,02530.png,6,1.0,100.0,D:\quantization-demo - Copy\test\02530.png,D:\quantization-demo - Copy\arguemted_data\6\pseudo_02530_c6_p10000.png
00294,00294.png,7,1.0,100.0,D:\quantization-demo - Copy\test\00294.png,D:\quantization-demo - Copy\arguemted_data\7\pseudo_00294_c7_p10000.png
01322,01322.png,7,1.0,100.0,D:\quantization-demo - Copy\test\01322.png,D:\quantization-demo - Copy\arguemted_data\7\pseudo_01322_c7_p10000.png
01373,01373.png,7,1.0,100.0,D:\quantization-demo - Copy\test\01373.png,D:\quantization-demo - Copy\arguemted_data\7\pseudo_01373_c7_p10000.png
02325,02325.png,7,1.0,100.0,D:\quantization-demo - Copy\test\02325.png,D:\quantization-demo - Copy\arguemted_data\7\pseudo_02325_c7_p10000.png
02448,02448.png,7,1.0,100.0,D:\quantization-demo - Copy\test\02448.png,D:\quantization-demo - Copy\arguemted_data\7\pseudo_02448_c7_p10000.png
02700,02700.png,7,1.0,100.0,D:\quantization-demo - Copy\test\02700.png,D:\quantization-demo - Copy\arguemted_data\7\pseudo_02700_c7_p10000.png
02807,02807.png,7,1.0,100.0,D:\quantization-demo - Copy\test\02807.png,D:\quantization-demo - Copy\arguemted_data\7\pseudo_02807_c7_p10000.png
01952,01952.png,8,1.0,100.0,D:\quantization-demo - Copy\test\01952.png,D:\quantization-demo - Copy\arguemted_data\8\pseudo_01952_c8_p10000.png
00283,00283.png,9,1.0,100.0,D:\quantization-demo - Copy\test\00283.png,D:\quantization-demo - Copy\arguemted_data\9\pseudo_00283_c9_p10000.png
01173,01173.png,9,1.0,100.0,D:\quantization-demo - Copy\test\01173.png,D:\quantization-demo - Copy\arguemted_data\9\pseudo_01173_c9_p10000.png
01562,01562.png,9,1.0,100.0,D:\quantization-demo - Copy\test\01562.png,D:\quantization-demo - Copy\arguemted_data\9\pseudo_01562_c9_p10000.png
00203,00203.png,0,1.0,100.0,D:\quantization-demo - Copy\test\00203.png,D:\quantization-demo - Copy\arguemted_data\0\pseudo_00203_c0_p10000.png
00325,00325.png,0,1.0,100.0,D:\quantization-demo - Copy\test\00325.png,D:\quantization-demo - Copy\arguemted_data\0\pseudo_00325_c0_p10000.png
00612,00612.png,0,1.0,100.0,D:\quantization-demo - Copy\test\00612.png,D:\quantization-demo - Copy\arguemted_data\0\pseudo_00612_c0_p10000.png
01088,01088.png,0,1.0,100.0,D:\quantization-demo - Copy\test\01088.png,D:\quantization-demo - Copy\arguemted_data\0\pseudo_01088_c0_p10000.png
01096,01096.png,0,1.0,100.0,D:\quantization-demo - Copy\test\01096.png,D:\quantization-demo - Copy\arguemted_data\0\pseudo_01096_c0_p10000.png
01204,01204.png,0,1.0,100.0,D:\quantization-demo - Copy\test\01204.png,D:\quantization-demo - Copy\arguemted_data\0\pseudo_01204_c0_p10000.png
01475,01475.png,0,1.0,100.0,D:\quantization-demo - Copy\test\01475.png,D:\quantization-demo - Copy\arguemted_data\0\pseudo_01475_c0_p10000.png
01763,01763.png,0,1.0,100.0,D:\quantization-demo - Copy\test\01763.png,D:\quantization-demo - Copy\arguemted_data\0\pseudo_01763_c0_p10000.png
01814,01814.png,0,1.0,100.0,D:\quantization-demo - Copy\test\01814.png,D:\quantization-demo - Copy\arguemted_data\0\pseudo_01814_c0_p10000.png
02086,02086.png,0,1.0,100.0,D:\quantization-demo - Copy\test\02086.png,D:\quantization-demo - Copy\arguemted_data\0\pseudo_02086_c0_p10000.png
02266,02266.png,0,1.0,100.0,D:\quantization-demo - Copy\test\02266.png,D:\quantization-demo - Copy\arguemted_data\0\pseudo_02266_c0_p10000.png
02876,02876.png,0,1.0,100.0,D:\quantization-demo - Copy\test\02876.png,D:\quantization-demo - Copy\arguemted_data\0\pseudo_02876_c0_p10000.png
00620,00620.png,1,1.0,100.0,D:\quantization-demo - Copy\test\00620.png,D:\quantization-demo - Copy\arguemted_data\1\pseudo_00620_c1_p10000.png
01992,01992.png,1,1.0,100.0,D:\quantization-demo - Copy\test\01992.png,D:\quantization-demo - Copy\arguemted_data\1\pseudo_01992_c1_p10000.png
02166,02166.png,1,1.0,100.0,D:\quantization-demo - Copy\test\02166.png,D:\quantization-demo - Copy\arguemted_data\1\pseudo_02166_c1_p10000.png
00314,00314.png,2,1.0,100.0,D:\quantization-demo - Copy\test\00314.png,D:\quantization-demo - Copy\arguemted_data\2\pseudo_00314_c2_p10000.png
01010,01010.png,2,1.0,100.0,D:\quantization-demo - Copy\test\01010.png,D:\quantization-demo - Copy\arguemted_data\2\pseudo_01010_c2_p10000.png
01036,01036.png,2,1.0,100.0,D:\quantization-demo - Copy\test\01036.png,D:\quantization-demo - Copy\arguemted_data\2\pseudo_01036_c2_p10000.png
01640,01640.png,2,1.0,100.0,D:\quantization-demo - Copy\test\01640.png,D:\quantization-demo - Copy\arguemted_data\2\pseudo_01640_c2_p10000.png
01907,01907.png,2,1.0,100.0,D:\quantization-demo - Copy\test\01907.png,D:\quantization-demo - Copy\arguemted_data\2\pseudo_01907_c2_p10000.png
02320,02320.png,2,1.0,100.0,D:\quantization-demo - Copy\test\02320.png,D:\quantization-demo - Copy\arguemted_data\2\pseudo_02320_c2_p10000.png
02405,02405.png,2,1.0,100.0,D:\quantization-demo - Copy\test\02405.png,D:\quantization-demo - Copy\arguemted_data\2\pseudo_02405_c2_p10000.png
00819,00819.png,3,1.0,100.0,D:\quantization-demo - Copy\test\00819.png,D:\quantization-demo - Copy\arguemted_data\3\pseudo_00819_c3_p10000.png
01338,01338.png,3,1.0,100.0,D:\quantization-demo - Copy\test\01338.png,D:\quantization-demo - Copy\arguemted_data\3\pseudo_01338_c3_p10000.png
02582,02582.png,3,1.0,100.0,D:\quantization-demo - Copy\test\02582.png,D:\quantization-demo - Copy\arguemted_data\3\pseudo_02582_c3_p10000.png
02638,02638.png,3,1.0,100.0,D:\quantization-demo - Copy\test\02638.png,D:\quantization-demo - Copy\arguemted_data\3\pseudo_02638_c3_p10000.png
00444,00444.png,4,1.0,100.0,D:\quantization-demo - Copy\test\00444.png,D:\quantization-demo - Copy\arguemted_data\4\pseudo_00444_c4_p10000.png
00597,00597.png,4,1.0,100.0,D:\quantization-demo - Copy\test\00597.png,D:\quantization-demo - Copy\arguemted_data\4\pseudo_00597_c4_p10000.png
01091,01091.png,6,1.0,100.0,D:\quantization-demo - Copy\test\01091.png,D:\quantization-demo - Copy\arguemted_data\6\pseudo_01091_c6_p10000.png
02714,02714.png,7,1.0,100.0,D:\quantization-demo - Copy\test\02714.png,D:\quantization-demo - Copy\arguemted_data\7\pseudo_02714_c7_p10000.png
02770,02770.png,7,1.0,100.0,D:\quantization-demo - Copy\test\02770.png,D:\quantization-demo - Copy\arguemted_data\7\pseudo_02770_c7_p10000.png
01971,01971.png,8,1.0,100.0,D:\quantization-demo - Copy\test\01971.png,D:\quantization-demo - Copy\arguemted_data\8\pseudo_01971_c8_p10000.png
01742,01742.png,0,1.0,100.0,D:\quantization-demo - Copy\test\01742.png,D:\quantization-demo - Copy\arguemted_data\0\pseudo_01742_c0_p10000.png
03084,03084.png,0,1.0,100.0,D:\quantization-demo - Copy\test\03084.png,D:\quantization-demo - Copy\arguemted_data\0\pseudo_03084_c0_p10000.png
00672,00672.png,1,1.0,100.0,D:\quantization-demo - Copy\test\00672.png,D:\quantization-demo - Copy\arguemted_data\1\pseudo_00672_c1_p10000.png
01014,01014.png,1,1.0,100.0,D:\quantization-demo - Copy\test\01014.png,D:\quantization-demo - Copy\arguemted_data\1\pseudo_01014_c1_p10000.png
01411,01411.png,1,1.0,100.0,D:\quantization-demo - Copy\test\01411.png,D:\quantization-demo - Copy\arguemted_data\1\pseudo_01411_c1_p10000.png
02684,02684.png,1,1.0,100.0,D:\quantization-demo - Copy\test\02684.png,D:\quantization-demo - Copy\arguemted_data\1\pseudo_02684_c1_p10000.png
00361,00361.png,2,1.0,100.0,D:\quantization-demo - Copy\test\00361.png,D:\quantization-demo - Copy\arguemted_data\2\pseudo_00361_c2_p10000.png
01222,01222.png,2,1.0,100.0,D:\quantization-demo - Copy\test\01222.png,D:\quantization-demo - Copy\arguemted_data\2\pseudo_01222_c2_p10000.png
01921,01921.png,2,1.0,100.0,D:\quantization-demo - Copy\test\01921.png,D:\quantization-demo - Copy\arguemted_data\2\pseudo_01921_c2_p10000.png
00781,00781.png,3,1.0,100.0,D:\quantization-demo - Copy\test\00781.png,D:\quantization-demo - Copy\arguemted_data\3\pseudo_00781_c3_p10000.png
01385,01385.png,3,1.0,100.0,D:\quantization-demo - Copy\test\01385.png,D:\quantization-demo - Copy\arguemted_data\3\pseudo_01385_c3_p10000.png
01832,01832.png,3,1.0,100.0,D:\quantization-demo - Copy\test\01832.png,D:\quantization-demo - Copy\arguemted_data\3\pseudo_01832_c3_p10000.png
02709,02709.png,3,1.0,100.0,D:\quantization-demo - Copy\test\02709.png,D:\quantization-demo - Copy\arguemted_data\3\pseudo_02709_c3_p10000.png
00443,00443.png,6,1.0,100.0,D:\quantization-demo - Copy\test\00443.png,D:\quantization-demo - Copy\arguemted_data\6\pseudo_00443_c6_p10000.png
00555,00555.png,6,1.0,100.0,D:\quantization-demo - Copy\test\00555.png,D:\quantization-demo - Copy\arguemted_data\6\pseudo_00555_c6_p10000.png
02058,02058.png,6,1.0,100.0,D:\quantization-demo - Copy\test\02058.png,D:\quantization-demo - Copy\arguemted_data\6\pseudo_02058_c6_p10000.png
00636,00636.png,9,1.0,100.0,D:\quantization-demo - Copy\test\00636.png,D:\quantization-demo - Copy\arguemted_data\9\pseudo_00636_c9_p10000.png
00158,00158.png,0,1.0,100.0,D:\quantization-demo - Copy\test\00158.png,D:\quantization-demo - Copy\arguemted_data\0\pseudo_00158_c0_p10000.png
01601,01601.png,0,1.0,100.0,D:\quantization-demo - Copy\test\01601.png,D:\quantization-demo - Copy\arguemted_data\0\pseudo_01601_c0_p10000.png
01866,01866.png,0,1.0,100.0,D:\quantization-demo - Copy\test\01866.png,D:\quantization-demo - Copy\arguemted_data\0\pseudo_01866_c0_p10000.png
02642,02642.png,0,1.0,100.0,D:\quantization-demo - Copy\test\02642.png,D:\quantization-demo - Copy\arguemted_data\0\pseudo_02642_c0_p10000.png
02917,02917.png,0,1.0,100.0,D:\quantization-demo - Copy\test\02917.png,D:\quantization-demo - Copy\arguemted_data\0\pseudo_02917_c0_p10000.png
00788,00788.png,1,1.0,100.0,D:\quantization-demo - Copy\test\00788.png,D:\quantization-demo - Copy\arguemted_data\1\pseudo_00788_c1_p10000.png
01910,01910.png,1,1.0,100.0,D:\quantization-demo - Copy\test\01910.png,D:\quantization-demo - Copy\arguemted_data\1\pseudo_01910_c1_p10000.png
02037,02037.png,1,1.0,100.0,D:\quantization-demo - Copy\test\02037.png,D:\quantization-demo - Copy\arguemted_data\1\pseudo_02037_c1_p10000.png
03037,03037.png,1,1.0,100.0,D:\quantization-demo - Copy\test\03037.png,D:\quantization-demo - Copy\arguemted_data\1\pseudo_03037_c1_p10000.png
00156,00156.png,2,1.0,100.0,D:\quantization-demo - Copy\test\00156.png,D:\quantization-demo - Copy\arguemted_data\2\pseudo_00156_c2_p10000.png
02194,02194.png,2,1.0,100.0,D:\quantization-demo - Copy\test\02194.png,D:\quantization-demo - Copy\arguemted_data\2\pseudo_02194_c2_p10000.png
00124,00124.png,3,1.0,100.0,D:\quantization-demo - Copy\test\00124.png,D:\quantization-demo - Copy\arguemted_data\3\pseudo_00124_c3_p10000.png
00503,00503.png,3,1.0,100.0,D:\quantization-demo - Copy\test\00503.png,D:\quantization-demo - Copy\arguemted_data\3\pseudo_00503_c3_p10000.png
02274,02274.png,3,1.0,100.0,D:\quantization-demo - Copy\test\02274.png,D:\quantization-demo - Copy\arguemted_data\3\pseudo_02274_c3_p10000.png
02595,02595.png,3,1.0,100.0,D:\quantization-demo - Copy\test\02595.png,D:\quantization-demo - Copy\arguemted_data\3\pseudo_02595_c3_p10000.png
00291,00291.png,4,1.0,100.0,D:\quantization-demo - Copy\test\00291.png,D:\quantization-demo - Copy\arguemted_data\4\pseudo_00291_c4_p10000.png
02496,02496.png,4,1.0,100.0,D:\quantization-demo - Copy\test\02496.png,D:\quantization-demo - Copy\arguemted_data\4\pseudo_02496_c4_p10000.png
02759,02759.png,4,1.0,100.0,D:\quantization-demo - Copy\test\02759.png,D:\quantization-demo - Copy\arguemted_data\4\pseudo_02759_c4_p10000.png
02813,02813.png,5,1.0,100.0,D:\quantization-demo - Copy\test\02813.png,D:\quantization-demo - Copy\arguemted_data\5\pseudo_02813_c5_p10000.png
01963,01963.png,6,1.0,100.0,D:\quantization-demo - Copy\test\01963.png,D:\quantization-demo - Copy\arguemted_data\6\pseudo_01963_c6_p10000.png
02362,02362.png,6,1.0,100.0,D:\quantization-demo - Copy\test\02362.png,D:\quantization-demo - Copy\arguemted_data\6\pseudo_02362_c6_p10000.png
00790,00790.png,7,1.0,100.0,D:\quantization-demo - Copy\test\00790.png,D:\quantization-demo - Copy\arguemted_data\7\pseudo_00790_c7_p10000.png
00643,00643.png,1,0.999999,100.0,D:\quantization-demo - Copy\test\00643.png,D:\quantization-demo - Copy\arguemted_data\1\pseudo_00643_c1_p10000.png
00900,00900.png,1,0.999999,100.0,D:\quantization-demo - Copy\test\00900.png,D:\quantization-demo - Copy\arguemted_data\1\pseudo_00900_c1_p10000.png
02907,02907.png,1,0.999999,100.0,D:\quantization-demo - Copy\test\02907.png,D:\quantization-demo - Copy\arguemted_data\1\pseudo_02907_c1_p10000.png
00168,00168.png,2,0.999999,100.0,D:\quantization-demo - Copy\test\00168.png,D:\quantization-demo - Copy\arguemted_data\2\pseudo_00168_c2_p10000.png
00296,00296.png,2,0.999999,100.0,D:\quantization-demo - Copy\test\00296.png,D:\quantization-demo - Copy\arguemted_data\2\pseudo_00296_c2_p10000.png
02692,02692.png,2,0.999999,100.0,D:\quantization-demo - Copy\test\02692.png,D:\quantization-demo - Copy\arguemted_data\2\pseudo_02692_c2_p10000.png
00188,00188.png,6,0.999999,100.0,D:\quantization-demo - Copy\test\00188.png,D:\quantization-demo - Copy\arguemted_data\6\pseudo_00188_c6_p10000.png
02339,02339.png,6,0.999999,100.0,D:\quantization-demo - Copy\test\02339.png,D:\quantization-demo - Copy\arguemted_data\6\pseudo_02339_c6_p10000.png
00410,00410.png,1,0.999999,100.0,D:\quantization-demo - Copy\test\00410.png,D:\quantization-demo - Copy\arguemted_data\1\pseudo_00410_c1_p10000.png
00535,00535.png,2,0.999999,100.0,D:\quantization-demo - Copy\test\00535.png,D:\quantization-demo - Copy\arguemted_data\2\pseudo_00535_c2_p10000.png
03078,03078.png,2,0.999999,100.0,D:\quantization-demo - Copy\test\03078.png,D:\quantization-demo - Copy\arguemted_data\2\pseudo_03078_c2_p10000.png
00111,00111.png,3,0.999999,100.0,D:\quantization-demo - Copy\test\00111.png,D:\quantization-demo - Copy\arguemted_data\3\pseudo_00111_c3_p10000.png
01207,01207.png,4,0.999999,100.0,D:\quantization-demo - Copy\test\01207.png,D:\quantization-demo - Copy\arguemted_data\4\pseudo_01207_c4_p10000.png
00993,00993.png,5,0.999999,100.0,D:\quantization-demo - Copy\test\00993.png,D:\quantization-demo - Copy\arguemted_data\5\pseudo_00993_c5_p10000.png
00886,00886.png,6,0.999999,100.0,D:\quantization-demo - Copy\test\00886.png,D:\quantization-demo - Copy\arguemted_data\6\pseudo_00886_c6_p10000.png
01229,01229.png,6,0.999999,100.0,D:\quantization-demo - Copy\test\01229.png,D:\quantization-demo - Copy\arguemted_data\6\pseudo_01229_c6_p10000.png
01736,01736.png,6,0.999999,100.0,D:\quantization-demo - Copy\test\01736.png,D:\quantization-demo - Copy\arguemted_data\6\pseudo_01736_c6_p10000.png
02482,02482.png,6,0.999999,100.0,D:\quantization-demo - Copy\test\02482.png,D:\quantization-demo - Copy\arguemted_data\6\pseudo_02482_c6_p10000.png
00128,00128.png,0,0.999999,100.0,D:\quantization-demo - Copy\test\00128.png,D:\quantization-demo - Copy\arguemted_data\0\pseudo_00128_c0_p10000.png
02755,02755.png,0,0.999999,100.0,D:\quantization-demo - Copy\test\02755.png,D:\quantization-demo - Copy\arguemted_data\0\pseudo_02755_c0_p10000.png
01427,01427.png,1,0.999999,100.0,D:\quantization-demo - Copy\test\01427.png,D:\quantization-demo - Copy\arguemted_data\1\pseudo_01427_c1_p10000.png
02350,02350.png,2,0.999999,100.0,D:\quantization-demo - Copy\test\02350.png,D:\quantization-demo - Copy\arguemted_data\2\pseudo_02350_c2_p10000.png
02679,02679.png,2,0.999999,100.0,D:\quantization-demo - Copy\test\02679.png,D:\quantization-demo - Copy\arguemted_data\2\pseudo_02679_c2_p10000.png
01456,01456.png,3,0.999999,100.0,D:\quantization-demo - Copy\test\01456.png,D:\quantization-demo - Copy\arguemted_data\3\pseudo_01456_c3_p10000.png
01844,01844.png,9,0.999999,100.0,D:\quantization-demo - Copy\test\01844.png,D:\quantization-demo - Copy\arguemted_data\9\pseudo_01844_c9_p10000.png
00883,00883.png,0,0.999999,100.0,D:\quantization-demo - Copy\test\00883.png,D:\quantization-demo - Copy\arguemted_data\0\pseudo_00883_c0_p10000.png
00521,00521.png,1,0.999999,100.0,D:\quantization-demo - Copy\test\00521.png,D:\quantization-demo - Copy\arguemted_data\1\pseudo_00521_c1_p10000.png
00803,00803.png,2,0.999999,100.0,D:\quantization-demo - Copy\test\00803.png,D:\quantization-demo - Copy\arguemted_data\2\pseudo_00803_c2_p10000.png
01811,01811.png,3,0.999999,100.0,D:\quantization-demo - Copy\test\01811.png,D:\quantization-demo - Copy\arguemted_data\3\pseudo_01811_c3_p10000.png
02155,02155.png,3,0.999999,100.0,D:\quantization-demo - Copy\test\02155.png,D:\quantization-demo - Copy\arguemted_data\3\pseudo_02155_c3_p10000.png
00783,00783.png,4,0.999999,100.0,D:\quantization-demo - Copy\test\00783.png,D:\quantization-demo - Copy\arguemted_data\4\pseudo_00783_c4_p10000.png
00166,00166.png,7,0.999999,100.0,D:\quantization-demo - Copy\test\00166.png,D:\quantization-demo - Copy\arguemted_data\7\pseudo_00166_c7_p10000.png
00422,00422.png,2,0.999999,100.0,D:\quantization-demo - Copy\test\00422.png,D:\quantization-demo - Copy\arguemted_data\2\pseudo_00422_c2_p10000.png
00679,00679.png,2,0.999999,100.0,D:\quantization-demo - Copy\test\00679.png,D:\quantization-demo - Copy\arguemted_data\2\pseudo_00679_c2_p10000.png
00764,00764.png,5,0.999999,100.0,D:\quantization-demo - Copy\test\00764.png,D:\quantization-demo - Copy\arguemted_data\5\pseudo_00764_c5_p10000.png
02618,02618.png,7,0.999999,100.0,D:\quantization-demo - Copy\test\02618.png,D:\quantization-demo - Copy\arguemted_data\7\pseudo_02618_c7_p10000.png
02783,02783.png,1,0.999999,100.0,D:\quantization-demo - Copy\test\02783.png,D:\quantization-demo - Copy\arguemted_data\1\pseudo_02783_c1_p10000.png
00421,00421.png,2,0.999999,100.0,D:\quantization-demo - Copy\test\00421.png,D:\quantization-demo - Copy\arguemted_data\2\pseudo_00421_c2_p10000.png
01005,01005.png,2,0.999999,100.0,D:\quantization-demo - Copy\test\01005.png,D:\quantization-demo - Copy\arguemted_data\2\pseudo_01005_c2_p10000.png
01285,01285.png,3,0.999999,100.0,D:\quantization-demo - Copy\test\01285.png,D:\quantization-demo - Copy\arguemted_data\3\pseudo_01285_c3_p10000.png
01953,01953.png,3,0.999999,100.0,D:\quantization-demo - Copy\test\01953.png,D:\quantization-demo - Copy\arguemted_data\3\pseudo_01953_c3_p10000.png
01117,01117.png,8,0.999999,100.0,D:\quantization-demo - Copy\test\01117.png,D:\quantization-demo - Copy\arguemted_data\8\pseudo_01117_c8_p10000.png
02281,02281.png,8,0.999999,100.0,D:\quantization-demo - Copy\test\02281.png,D:\quantization-demo - Copy\arguemted_data\8\pseudo_02281_c8_p10000.png
02291,02291.png,1,0.999999,100.0,D:\quantization-demo - Copy\test\02291.png,D:\quantization-demo - Copy\arguemted_data\1\pseudo_02291_c1_p10000.png
02367,02367.png,1,0.999999,100.0,D:\quantization-demo - Copy\test\02367.png,D:\quantization-demo - Copy\arguemted_data\1\pseudo_02367_c1_p10000.png
00450,00450.png,2,0.999999,100.0,D:\quantization-demo - Copy\test\00450.png,D:\quantization-demo - Copy\arguemted_data\2\pseudo_00450_c2_p10000.png
02716,02716.png,3,0.999999,100.0,D:\quantization-demo - Copy\test\02716.png,D:\quantization-demo - Copy\arguemted_data\3\pseudo_02716_c3_p10000.png
03073,03073.png,6,0.999999,100.0,D:\quantization-demo - Copy\test\03073.png,D:\quantization-demo - Copy\arguemted_data\6\pseudo_03073_c6_p10000.png
01837,01837.png,7,0.999999,100.0,D:\quantization-demo - Copy\test\01837.png,D:\quantization-demo - Copy\arguemted_data\7\pseudo_01837_c7_p10000.png
02355,02355.png,1,0.999999,100.0,D:\quantization-demo - Copy\test\02355.png,D:\quantization-demo - Copy\arguemted_data\1\pseudo_02355_c1_p10000.png
02580,02580.png,3,0.999999,100.0,D:\quantization-demo - Copy\test\02580.png,D:\quantization-demo - Copy\arguemted_data\3\pseudo_02580_c3_p10000.png
02828,02828.png,3,0.999999,100.0,D:\quantization-demo - Copy\test\02828.png,D:\quantization-demo - Copy\arguemted_data\3\pseudo_02828_c3_p10000.png
01159,01159.png,4,0.999999,100.0,D:\quantization-demo - Copy\test\01159.png,D:\quantization-demo - Copy\arguemted_data\4\pseudo_01159_c4_p10000.png
01671,01671.png,4,0.999999,100.0,D:\quantization-demo - Copy\test\01671.png,D:\quantization-demo - Copy\arguemted_data\4\pseudo_01671_c4_p10000.png
02603,02603.png,2,0.999998,100.0,D:\quantization-demo - Copy\test\02603.png,D:\quantization-demo - Copy\arguemted_data\2\pseudo_02603_c2_p10000.png
00461,00461.png,6,0.999998,100.0,D:\quantization-demo - Copy\test\00461.png,D:\quantization-demo - Copy\arguemted_data\6\pseudo_00461_c6_p10000.png
01845,01845.png,0,0.999998,100.0,D:\quantization-demo - Copy\test\01845.png,D:\quantization-demo - Copy\arguemted_data\0\pseudo_01845_c0_p10000.png
00978,00978.png,1,0.999998,100.0,D:\quantization-demo - Copy\test\00978.png,D:\quantization-demo - Copy\arguemted_data\1\pseudo_00978_c1_p10000.png
02033,02033.png,1,0.999998,100.0,D:\quantization-demo - Copy\test\02033.png,D:\quantization-demo - Copy\arguemted_data\1\pseudo_02033_c1_p10000.png
00121,00121.png,4,0.999998,100.0,D:\quantization-demo - Copy\test\00121.png,D:\quantization-demo - Copy\arguemted_data\4\pseudo_00121_c4_p10000.png
03047,03047.png,4,0.999998,100.0,D:\quantization-demo - Copy\test\03047.png,D:\quantization-demo - Copy\arguemted_data\4\pseudo_03047_c4_p10000.png
00276,00276.png,6,0.999998,100.0,D:\quantization-demo - Copy\test\00276.png,D:\quantization-demo - Copy\arguemted_data\6\pseudo_00276_c6_p10000.png
02669,02669.png,0,0.999998,100.0,D:\quantization-demo - Copy\test\02669.png,D:\quantization-demo - Copy\arguemted_data\0\pseudo_02669_c0_p10000.png
00626,00626.png,2,0.999998,100.0,D:\quantization-demo - Copy\test\00626.png,D:\quantization-demo - Copy\arguemted_data\2\pseudo_00626_c2_p10000.png
00084,00084.png,3,0.999998,100.0,D:\quantization-demo - Copy\test\00084.png,D:\quantization-demo - Copy\arguemted_data\3\pseudo_00084_c3_p10000.png
01352,01352.png,3,0.999998,100.0,D:\quantization-demo - Copy\test\01352.png,D:\quantization-demo - Copy\arguemted_data\3\pseudo_01352_c3_p10000.png
00000,00000.png,4,0.999998,100.0,D:\quantization-demo - Copy\test\00000.png,D:\quantization-demo - Copy\arguemted_data\4\pseudo_00000_c4_p10000.png
01842,01842.png,1,0.999998,100.0,D:\quantization-demo - Copy\test\01842.png,D:\quantization-demo - Copy\arguemted_data\1\pseudo_01842_c1_p10000.png
02995,02995.png,3,0.999998,100.0,D:\quantization-demo - Copy\test\02995.png,D:\quantization-demo - Copy\arguemted_data\3\pseudo_02995_c3_p10000.png
01613,01613.png,4,0.999998,100.0,D:\quantization-demo - Copy\test\01613.png,D:\quantization-demo - Copy\arguemted_data\4\pseudo_01613_c4_p10000.png
01769,01769.png,8,0.999998,100.0,D:\quantization-demo - Copy\test\01769.png,D:\quantization-demo - Copy\arguemted_data\8\pseudo_01769_c8_p10000.png
00664,00664.png,0,0.999998,100.0,D:\quantization-demo - Copy\test\00664.png,D:\quantization-demo - Copy\arguemted_data\0\pseudo_00664_c0_p10000.png
02259,02259.png,0,0.999998,100.0,D:\quantization-demo - Copy\test\02259.png,D:\quantization-demo - Copy\arguemted_data\0\pseudo_02259_c0_p10000.png
00979,00979.png,1,0.999998,100.0,D:\quantization-demo - Copy\test\00979.png,D:\quantization-demo - Copy\arguemted_data\1\pseudo_00979_c1_p10000.png
00529,00529.png,2,0.999998,100.0,D:\quantization-demo - Copy\test\00529.png,D:\quantization-demo - Copy\arguemted_data\2\pseudo_00529_c2_p10000.png
01146,01146.png,1,0.999998,100.0,D:\quantization-demo - Copy\test\01146.png,D:\quantization-demo - Copy\arguemted_data\1\pseudo_01146_c1_p10000.png
02820,02820.png,2,0.999998,100.0,D:\quantization-demo - Copy\test\02820.png,D:\quantization-demo - Copy\arguemted_data\2\pseudo_02820_c2_p10000.png
01179,01179.png,3,0.999998,100.0,D:\quantization-demo - Copy\test\01179.png,D:\quantization-demo - Copy\arguemted_data\3\pseudo_01179_c3_p10000.png
01268,01268.png,3,0.999998,100.0,D:\quantization-demo - Copy\test\01268.png,D:\quantization-demo - Copy\arguemted_data\3\pseudo_01268_c3_p10000.png
02431,02431.png,5,0.999998,100.0,D:\quantization-demo - Copy\test\02431.png,D:\quantization-demo - Copy\arguemted_data\5\pseudo_02431_c5_p10000.png
01813,01813.png,1,0.999998,100.0,D:\quantization-demo - Copy\test\01813.png,D:\quantization-demo - Copy\arguemted_data\1\pseudo_01813_c1_p10000.png
00266,00266.png,2,0.999997,100.0,D:\quantization-demo - Copy\test\00266.png,D:\quantization-demo - Copy\arguemted_data\2\pseudo_00266_c2_p10000.png
00719,00719.png,2,0.999997,100.0,D:\quantization-demo - Copy\test\00719.png,D:\quantization-demo - Copy\arguemted_data\2\pseudo_00719_c2_p10000.png
02090,02090.png,2,0.999997,100.0,D:\quantization-demo - Copy\test\02090.png,D:\quantization-demo - Copy\arguemted_data\2\pseudo_02090_c2_p10000.png
00802,00802.png,0,0.999997,100.0,D:\quantization-demo - Copy\test\00802.png,D:\quantization-demo - Copy\arguemted_data\0\pseudo_00802_c0_p10000.png
02611,02611.png,0,0.999997,100.0,D:\quantization-demo - Copy\test\02611.png,D:\quantization-demo - Copy\arguemted_data\0\pseudo_02611_c0_p10000.png
00278,00278.png,6,0.999997,100.0,D:\quantization-demo - Copy\test\00278.png,D:\quantization-demo - Copy\arguemted_data\6\pseudo_00278_c6_p10000.png
00387,00387.png,1,0.999997,100.0,D:\quantization-demo - Copy\test\00387.png,D:\quantization-demo - Copy\arguemted_data\1\pseudo_00387_c1_p10000.png
00718,00718.png,1,0.999997,100.0,D:\quantization-demo - Copy\test\00718.png,D:\quantization-demo - Copy\arguemted_data\1\pseudo_00718_c1_p10000.png
01099,01099.png,1,0.999997,100.0,D:\quantization-demo - Copy\test\01099.png,D:\quantization-demo - Copy\arguemted_data\1\pseudo_01099_c1_p10000.png
02721,02721.png,2,0.999997,100.0,D:\quantization-demo - Copy\test\02721.png,D:\quantization-demo - Copy\arguemted_data\2\pseudo_02721_c2_p10000.png
02639,02639.png,6,0.999997,100.0,D:\quantization-demo - Copy\test\02639.png,D:\quantization-demo - Copy\arguemted_data\6\pseudo_02639_c6_p10000.png
01453,01453.png,8,0.999997,100.0,D:\quantization-demo - Copy\test\01453.png,D:\quantization-demo - Copy\arguemted_data\8\pseudo_01453_c8_p10000.png
01672,01672.png,1,0.999997,100.0,D:\quantization-demo - Copy\test\01672.png,D:\quantization-demo - Copy\arguemted_data\1\pseudo_01672_c1_p10000.png
01820,01820.png,2,0.999997,100.0,D:\quantization-demo - Copy\test\01820.png,D:\quantization-demo - Copy\arguemted_data\2\pseudo_01820_c2_p10000.png
02134,02134.png,3,0.999997,100.0,D:\quantization-demo - Copy\test\02134.png,D:\quantization-demo - Copy\arguemted_data\3\pseudo_02134_c3_p10000.png
00952,00952.png,0,0.999997,100.0,D:\quantization-demo - Copy\test\00952.png,D:\quantization-demo - Copy\arguemted_data\0\pseudo_00952_c0_p10000.png
00286,00286.png,2,0.999997,100.0,D:\quantization-demo - Copy\test\00286.png,D:\quantization-demo - Copy\arguemted_data\2\pseudo_00286_c2_p10000.png
02241,02241.png,3,0.999997,100.0,D:\quantization-demo - Copy\test\02241.png,D:\quantization-demo - Copy\arguemted_data\3\pseudo_02241_c3_p10000.png
00411,00411.png,4,0.999997,100.0,D:\quantization-demo - Copy\test\00411.png,D:\quantization-demo - Copy\arguemted_data\4\pseudo_00411_c4_p10000.png
00949,00949.png,0,0.999997,100.0,D:\quantization-demo - Copy\test\00949.png,D:\quantization-demo - Copy\arguemted_data\0\pseudo_00949_c0_p10000.png
01188,01188.png,7,0.999997,100.0,D:\quantization-demo - Copy\test\01188.png,D:\quantization-demo - Copy\arguemted_data\7\pseudo_01188_c7_p10000.png
00871,00871.png,0,0.999997,100.0,D:\quantization-demo - Copy\test\00871.png,D:\quantization-demo - Copy\arguemted_data\0\pseudo_00871_c0_p10000.png
00251,00251.png,6,0.999997,100.0,D:\quantization-demo - Copy\test\00251.png,D:\quantization-demo - Copy\arguemted_data\6\pseudo_00251_c6_p10000.png
00522,00522.png,7,0.999997,100.0,D:\quantization-demo - Copy\test\00522.png,D:\quantization-demo - Copy\arguemted_data\7\pseudo_00522_c7_p10000.png
00308,00308.png,1,0.999996,100.0,D:\quantization-demo - Copy\test\00308.png,D:\quantization-demo - Copy\arguemted_data\1\pseudo_00308_c1_p10000.png
01435,01435.png,1,0.999996,100.0,D:\quantization-demo - Copy\test\01435.png,D:\quantization-demo - Copy\arguemted_data\1\pseudo_01435_c1_p10000.png
00761,00761.png,2,0.999996,100.0,D:\quantization-demo - Copy\test\00761.png,D:\quantization-demo - Copy\arguemted_data\2\pseudo_00761_c2_p10000.png
00298,00298.png,8,0.999996,100.0,D:\quantization-demo - Copy\test\00298.png,D:\quantization-demo - Copy\arguemted_data\8\pseudo_00298_c8_p10000.png
01286,01286.png,2,0.999996,100.0,D:\quantization-demo - Copy\test\01286.png,D:\quantization-demo - Copy\arguemted_data\2\pseudo_01286_c2_p10000.png
02835,02835.png,2,0.999996,100.0,D:\quantization-demo - Copy\test\02835.png,D:\quantization-demo - Copy\arguemted_data\2\pseudo_02835_c2_p10000.png
00495,00495.png,6,0.999996,100.0,D:\quantization-demo - Copy\test\00495.png,D:\quantization-demo - Copy\arguemted_data\6\pseudo_00495_c6_p10000.png
02025,02025.png,1,0.999996,100.0,D:\quantization-demo - Copy\test\02025.png,D:\quantization-demo - Copy\arguemted_data\1\pseudo_02025_c1_p10000.png
01684,01684.png,6,0.999996,100.0,D:\quantization-demo - Copy\test\01684.png,D:\quantization-demo - Copy\arguemted_data\6\pseudo_01684_c6_p10000.png
02494,02494.png,2,0.999996,100.0,D:\quantization-demo - Copy\test\02494.png,D:\quantization-demo - Copy\arguemted_data\2\pseudo_02494_c2_p10000.png
00611,00611.png,3,0.999996,100.0,D:\quantization-demo - Copy\test\00611.png,D:\quantization-demo - Copy\arguemted_data\3\pseudo_00611_c3_p10000.png
00677,00677.png,4,0.999996,100.0,D:\quantization-demo - Copy\test\00677.png,D:\quantization-demo - Copy\arguemted_data\4\pseudo_00677_c4_p10000.png
02189,02189.png,1,0.999996,100.0,D:\quantization-demo - Copy\test\02189.png,D:\quantization-demo - Copy\arguemted_data\1\pseudo_02189_c1_p10000.png
00575,00575.png,2,0.999996,100.0,D:\quantization-demo - Copy\test\00575.png,D:\quantization-demo - Copy\arguemted_data\2\pseudo_00575_c2_p10000.png
01376,01376.png,2,0.999996,100.0,D:\quantization-demo - Copy\test\01376.png,D:\quantization-demo - Copy\arguemted_data\2\pseudo_01376_c2_p10000.png
02581,02581.png,2,0.999996,100.0,D:\quantization-demo - Copy\test\02581.png,D:\quantization-demo - Copy\arguemted_data\2\pseudo_02581_c2_p10000.png
02765,02765.png,3,0.999996,100.0,D:\quantization-demo - Copy\test\02765.png,D:\quantization-demo - Copy\arguemted_data\3\pseudo_02765_c3_p10000.png
00088,00088.png,2,0.999996,100.0,D:\quantization-demo - Copy\test\00088.png,D:\quantization-demo - Copy\arguemted_data\2\pseudo_00088_c2_p10000.png
01711,01711.png,1,0.999995,100.0,D:\quantization-demo - Copy\test\01711.png,D:\quantization-demo - Copy\arguemted_data\1\pseudo_01711_c1_p10000.png
00912,00912.png,3,0.999995,100.0,D:\quantization-demo - Copy\test\00912.png,D:\quantization-demo - Copy\arguemted_data\3\pseudo_00912_c3_p10000.png
01748,01748.png,6,0.999995,100.0,D:\quantization-demo - Copy\test\01748.png,D:\quantization-demo - Copy\arguemted_data\6\pseudo_01748_c6_p10000.png
01578,01578.png,3,0.999995,100.0,D:\quantization-demo - Copy\test\01578.png,D:\quantization-demo - Copy\arguemted_data\3\pseudo_01578_c3_p10000.png
00018,00018.png,4,0.999995,100.0,D:\quantization-demo - Copy\test\00018.png,D:\quantization-demo - Copy\arguemted_data\4\pseudo_00018_c4_p10000.png
02478,02478.png,0,0.999995,100.0,D:\quantization-demo - Copy\test\02478.png,D:\quantization-demo - Copy\arguemted_data\0\pseudo_02478_c0_p10000.png
00132,00132.png,6,0.999995,100.0,D:\quantization-demo - Copy\test\00132.png,D:\quantization-demo - Copy\arguemted_data\6\pseudo_00132_c6_p10000.png
02218,02218.png,3,0.999995,100.0,D:\quantization-demo - Copy\test\02218.png,D:\quantization-demo - Copy\arguemted_data\3\pseudo_02218_c3_p10000.png
01725,01725.png,7,0.999995,100.0,D:\quantization-demo - Copy\test\01725.png,D:\quantization-demo - Copy\arguemted_data\7\pseudo_01725_c7_p10000.png
01467,01467.png,1,0.999995,100.0,D:\quantization-demo - Copy\test\01467.png,D:\quantization-demo - Copy\arguemted_data\1\pseudo_01467_c1_p10000.png
01412,01412.png,3,0.999995,100.0,D:\quantization-demo - Copy\test\01412.png,D:\quantization-demo - Copy\arguemted_data\3\pseudo_01412_c3_p10000.png
00289,00289.png,1,0.999995,100.0,D:\quantization-demo - Copy\test\00289.png,D:\quantization-demo - Copy\arguemted_data\1\pseudo_00289_c1_p10000.png
02295,02295.png,8,0.999995,100.0,D:\quantization-demo - Copy\test\02295.png,D:\quantization-demo - Copy\arguemted_data\8\pseudo_02295_c8_p10000.png
01233,01233.png,6,0.999994,100.0,D:\quantization-demo - Copy\test\01233.png,D:\quantization-demo - Copy\arguemted_data\6\pseudo_01233_c6_p10000.png
02378,02378.png,2,0.999994,100.0,D:\quantization-demo - Copy\test\02378.png,D:\quantization-demo - Copy\arguemted_data\2\pseudo_02378_c2_p10000.png
01413,01413.png,8,0.999994,100.0,D:\quantization-demo - Copy\test\01413.png,D:\quantization-demo - Copy\arguemted_data\8\pseudo_01413_c8_p10000.png
01211,01211.png,9,0.999994,100.0,D:\quantization-demo - Copy\test\01211.png,D:\quantization-demo - Copy\arguemted_data\9\pseudo_01211_c9_p10000.png
01720,01720.png,1,0.999994,100.0,D:\quantization-demo - Copy\test\01720.png,D:\quantization-demo - Copy\arguemted_data\1\pseudo_01720_c1_p10000.png
00705,00705.png,6,0.999994,100.0,D:\quantization-demo - Copy\test\00705.png,D:\quantization-demo - Copy\arguemted_data\6\pseudo_00705_c6_p10000.png
01080,01080.png,1,0.999994,100.0,D:\quantization-demo - Copy\test\01080.png,D:\quantization-demo - Copy\arguemted_data\1\pseudo_01080_c1_p10000.png
00163,00163.png,3,0.999994,100.0,D:\quantization-demo - Copy\test\00163.png,D:\quantization-demo - Copy\arguemted_data\3\pseudo_00163_c3_p10000.png
01577,01577.png,5,0.999994,100.0,D:\quantization-demo - Copy\test\01577.png,D:\quantization-demo - Copy\arguemted_data\5\pseudo_01577_c5_p10000.png
01269,01269.png,1,0.999994,100.0,D:\quantization-demo - Copy\test\01269.png,D:\quantization-demo - Copy\arguemted_data\1\pseudo_01269_c1_p10000.png
00530,00530.png,6,0.999994,100.0,D:\quantization-demo - Copy\test\00530.png,D:\quantization-demo - Copy\arguemted_data\6\pseudo_00530_c6_p10000.png
02702,02702.png,1,0.999993,100.0,D:\quantization-demo - Copy\test\02702.png,D:\quantization-demo - Copy\arguemted_data\1\pseudo_02702_c1_p10000.png
02789,02789.png,3,0.999993,100.0,D:\quantization-demo - Copy\test\02789.png,D:\quantization-demo - Copy\arguemted_data\3\pseudo_02789_c3_p10000.png
01057,01057.png,1,0.999993,100.0,D:\quantization-demo - Copy\test\01057.png,D:\quantization-demo - Copy\arguemted_data\1\pseudo_01057_c1_p10000.png
02666,02666.png,3,0.999993,100.0,D:\quantization-demo - Copy\test\02666.png,D:\quantization-demo - Copy\arguemted_data\3\pseudo_02666_c3_p10000.png
01883,01883.png,7,0.999993,100.0,D:\quantization-demo - Copy\test\01883.png,D:\quantization-demo - Copy\arguemted_data\7\pseudo_01883_c7_p10000.png
02543,02543.png,9,0.999993,100.0,D:\quantization-demo - Copy\test\02543.png,D:\quantization-demo - Copy\arguemted_data\9\pseudo_02543_c9_p10000.png
02421,02421.png,2,0.999993,100.0,D:\quantization-demo - Copy\test\02421.png,D:\quantization-demo - Copy\arguemted_data\2\pseudo_02421_c2_p10000.png
02911,02911.png,7,0.999993,100.0,D:\quantization-demo - Copy\test\02911.png,D:\quantization-demo - Copy\arguemted_data\7\pseudo_02911_c7_p10000.png
01432,01432.png,2,0.999993,100.0,D:\quantization-demo - Copy\test\01432.png,D:\quantization-demo - Copy\arguemted_data\2\pseudo_01432_c2_p10000.png
01405,01405.png,8,0.999993,100.0,D:\quantization-demo - Copy\test\01405.png,D:\quantization-demo - Copy\arguemted_data\8\pseudo_01405_c8_p10000.png
01054,01054.png,1,0.999992,100.0,D:\quantization-demo - Copy\test\01054.png,D:\quantization-demo - Copy\arguemted_data\1\pseudo_01054_c1_p10000.png
02861,02861.png,2,0.999992,100.0,D:\quantization-demo - Copy\test\02861.png,D:\quantization-demo - Copy\arguemted_data\2\pseudo_02861_c2_p10000.png
02340,02340.png,3,0.999992,100.0,D:\quantization-demo - Copy\test\02340.png,D:\quantization-demo - Copy\arguemted_data\3\pseudo_02340_c3_p10000.png
01710,01710.png,7,0.999992,100.0,D:\quantization-demo - Copy\test\01710.png,D:\quantization-demo - Copy\arguemted_data\7\pseudo_01710_c7_p10000.png
02024,02024.png,1,0.999992,100.0,D:\quantization-demo - Copy\test\02024.png,D:\quantization-demo - Copy\arguemted_data\1\pseudo_02024_c1_p10000.png
01735,01735.png,1,0.999992,100.0,D:\quantization-demo - Copy\test\01735.png,D:\quantization-demo - Copy\arguemted_data\1\pseudo_01735_c1_p10000.png
01360,01360.png,6,0.999992,100.0,D:\quantization-demo - Copy\test\01360.png,D:\quantization-demo - Copy\arguemted_data\6\pseudo_01360_c6_p10000.png
01657,01657.png,1,0.999992,100.0,D:\quantization-demo - Copy\test\01657.png,D:\quantization-demo - Copy\arguemted_data\1\pseudo_01657_c1_p10000.png
01001,01001.png,2,0.999992,100.0,D:\quantization-demo - Copy\test\01001.png,D:\quantization-demo - Copy\arguemted_data\2\pseudo_01001_c2_p10000.png
00303,00303.png,3,0.999992,100.0,D:\quantization-demo - Copy\test\00303.png,D:\quantization-demo - Copy\arguemted_data\3\pseudo_00303_c3_p10000.png
03055,03055.png,1,0.999992,100.0,D:\quantization-demo - Copy\test\03055.png,D:\quantization-demo - Copy\arguemted_data\1\pseudo_03055_c1_p10000.png
02881,02881.png,3,0.999992,100.0,D:\quantization-demo - Copy\test\02881.png,D:\quantization-demo - Copy\arguemted_data\3\pseudo_02881_c3_p10000.png
02908,02908.png,1,0.999991,100.0,D:\quantization-demo - Copy\test\02908.png,D:\quantization-demo - Copy\arguemted_data\1\pseudo_02908_c1_p10000.png
01979,01979.png,0,0.999991,100.0,D:\quantization-demo - Copy\test\01979.png,D:\quantization-demo - Copy\arguemted_data\0\pseudo_01979_c0_p10000.png
01980,01980.png,6,0.999991,100.0,D:\quantization-demo - Copy\test\01980.png,D:\quantization-demo - Copy\arguemted_data\6\pseudo_01980_c6_p10000.png
02493,02493.png,0,0.999991,100.0,D:\quantization-demo - Copy\test\02493.png,D:\quantization-demo - Copy\arguemted_data\0\pseudo_02493_c0_p10000.png
00887,00887.png,2,0.99999,100.0,D:\quantization-demo - Copy\test\00887.png,D:\quantization-demo - Copy\arguemted_data\2\pseudo_00887_c2_p10000.png
00288,00288.png,5,0.99999,100.0,D:\quantization-demo - Copy\test\00288.png,D:\quantization-demo - Copy\arguemted_data\5\pseudo_00288_c5_p10000.png
01563,01563.png,6,0.99999,100.0,D:\quantization-demo - Copy\test\01563.png,D:\quantization-demo - Copy\arguemted_data\6\pseudo_01563_c6_p10000.png
01450,01450.png,8,0.99999,100.0,D:\quantization-demo - Copy\test\01450.png,D:\quantization-demo - Copy\arguemted_data\8\pseudo_01450_c8_p10000.png
01123,01123.png,2,0.99999,100.0,D:\quantization-demo - Copy\test\01123.png,D:\quantization-demo - Copy\arguemted_data\2\pseudo_01123_c2_p10000.png
00807,00807.png,7,0.99999,100.0,D:\quantization-demo - Copy\test\00807.png,D:\quantization-demo - Copy\arguemted_data\7\pseudo_00807_c7_p10000.png
00381,00381.png,0,0.99999,100.0,D:\quantization-demo - Copy\test\00381.png,D:\quantization-demo - Copy\arguemted_data\0\pseudo_00381_c0_p10000.png
00714,00714.png,3,0.999989,100.0,D:\quantization-demo - Copy\test\00714.png,D:\quantization-demo - Copy\arguemted_data\3\pseudo_00714_c3_p10000.png
00864,00864.png,0,0.999989,100.0,D:\quantization-demo - Copy\test\00864.png,D:\quantization-demo - Copy\arguemted_data\0\pseudo_00864_c0_p10000.png
02667,02667.png,2,0.999989,100.0,D:\quantization-demo - Copy\test\02667.png,D:\quantization-demo - Copy\arguemted_data\2\pseudo_02667_c2_p10000.png
00486,00486.png,0,0.999989,100.0,D:\quantization-demo - Copy\test\00486.png,D:\quantization-demo - Copy\arguemted_data\0\pseudo_00486_c0_p10000.png
02246,02246.png,3,0.999989,100.0,D:\quantization-demo - Copy\test\02246.png,D:\quantization-demo - Copy\arguemted_data\3\pseudo_02246_c3_p10000.png
02406,02406.png,3,0.999989,100.0,D:\quantization-demo - Copy\test\02406.png,D:\quantization-demo - Copy\arguemted_data\3\pseudo_02406_c3_p10000.png
01106,01106.png,6,0.999989,100.0,D:\quantization-demo - Copy\test\01106.png,D:\quantization-demo - Copy\arguemted_data\6\pseudo_01106_c6_p10000.png
00618,00618.png,2,0.999989,100.0,D:\quantization-demo - Copy\test\00618.png,D:\quantization-demo - Copy\arguemted_data\2\pseudo_00618_c2_p10000.png
02998,02998.png,1,0.999988,100.0,D:\quantization-demo - Copy\test\02998.png,D:\quantization-demo - Copy\arguemted_data\1\pseudo_02998_c1_p10000.png
01703,01703.png,1,0.999988,100.0,D:\quantization-demo - Copy\test\01703.png,D:\quantization-demo - Copy\arguemted_data\1\pseudo_01703_c1_p10000.png
01745,01745.png,1,0.999988,100.0,D:\quantization-demo - Copy\test\01745.png,D:\quantization-demo - Copy\arguemted_data\1\pseudo_01745_c1_p10000.png
02707,02707.png,0,0.999987,100.0,D:\quantization-demo - Copy\test\02707.png,D:\quantization-demo - Copy\arguemted_data\0\pseudo_02707_c0_p10000.png
00843,00843.png,2,0.999987,100.0,D:\quantization-demo - Copy\test\00843.png,D:\quantization-demo - Copy\arguemted_data\2\pseudo_00843_c2_p10000.png
00598,00598.png,1,0.999987,100.0,D:\quantization-demo - Copy\test\00598.png,D:\quantization-demo - Copy\arguemted_data\1\pseudo_00598_c1_p10000.png
00821,00821.png,2,0.999987,100.0,D:\quantization-demo - Copy\test\00821.png,D:\quantization-demo - Copy\arguemted_data\2\pseudo_00821_c2_p10000.png
02882,02882.png,7,0.999987,100.0,D:\quantization-demo - Copy\test\02882.png,D:\quantization-demo - Copy\arguemted_data\7\pseudo_02882_c7_p10000.png
02750,02750.png,6,0.999987,100.0,D:\quantization-demo - Copy\test\02750.png,D:\quantization-demo - Copy\arguemted_data\6\pseudo_02750_c6_p10000.png
00630,00630.png,6,0.999986,100.0,D:\quantization-demo - Copy\test\00630.png,D:\quantization-demo - Copy\arguemted_data\6\pseudo_00630_c6_p10000.png
01801,01801.png,0,0.999986,100.0,D:\quantization-demo - Copy\test\01801.png,D:\quantization-demo - Copy\arguemted_data\0\pseudo_01801_c0_p10000.png
01741,01741.png,6,0.999986,100.0,D:\quantization-demo - Copy\test\01741.png,D:\quantization-demo - Copy\arguemted_data\6\pseudo_01741_c6_p10000.png
02275,02275.png,1,0.999986,100.0,D:\quantization-demo - Copy\test\02275.png,D:\quantization-demo - Copy\arguemted_data\1\pseudo_02275_c1_p10000.png
01239,01239.png,1,0.999985,100.0,D:\quantization-demo - Copy\test\01239.png,D:\quantization-demo - Copy\arguemted_data\1\pseudo_01239_c1_p10000.png
00973,00973.png,3,0.999985,100.0,D:\quantization-demo - Copy\test\00973.png,D:\quantization-demo - Copy\arguemted_data\3\pseudo_00973_c3_p10000.png
01743,01743.png,1,0.999985,100.0,D:\quantization-demo - Copy\test\01743.png,D:\quantization-demo - Copy\arguemted_data\1\pseudo_01743_c1_p10000.png
00931,00931.png,6,0.999985,100.0,D:\quantization-demo - Copy\test\00931.png,D:\quantization-demo - Copy\arguemted_data\6\pseudo_00931_c6_p10000.png
00140,00140.png,2,0.999985,100.0,D:\quantization-demo - Copy\test\00140.png,D:\quantization-demo - Copy\arguemted_data\2\pseudo_00140_c2_p10000.png
00601,00601.png,1,0.999984,100.0,D:\quantization-demo - Copy\test\00601.png,D:\quantization-demo - Copy\arguemted_data\1\pseudo_00601_c1_p10000.png
02473,02473.png,1,0.999984,100.0,D:\quantization-demo - Copy\test\02473.png,D:\quantization-demo - Copy\arguemted_data\1\pseudo_02473_c1_p10000.png
02780,02780.png,2,0.999984,100.0,D:\quantization-demo - Copy\test\02780.png,D:\quantization-demo - Copy\arguemted_data\2\pseudo_02780_c2_p10000.png
00177,00177.png,1,0.999983,100.0,D:\quantization-demo - Copy\test\00177.png,D:\quantization-demo - Copy\arguemted_data\1\pseudo_00177_c1_p10000.png
01918,01918.png,1,0.999983,100.0,D:\quantization-demo - Copy\test\01918.png,D:\quantization-demo - Copy\arguemted_data\1\pseudo_01918_c1_p10000.png
01237,01237.png,2,0.999983,100.0,D:\quantization-demo - Copy\test\01237.png,D:\quantization-demo - Copy\arguemted_data\2\pseudo_01237_c2_p10000.png
01457,01457.png,6,0.999983,100.0,D:\quantization-demo - Copy\test\01457.png,D:\quantization-demo - Copy\arguemted_data\6\pseudo_01457_c6_p10000.png
02442,02442.png,2,0.999983,100.0,D:\quantization-demo - Copy\test\02442.png,D:\quantization-demo - Copy\arguemted_data\2\pseudo_02442_c2_p10000.png
02935,02935.png,3,0.999982,100.0,D:\quantization-demo - Copy\test\02935.png,D:\quantization-demo - Copy\arguemted_data\3\pseudo_02935_c3_p10000.png
00247,00247.png,6,0.999982,100.0,D:\quantization-demo - Copy\test\00247.png,D:\quantization-demo - Copy\arguemted_data\6\pseudo_00247_c6_p10000.png
00149,00149.png,3,0.999982,100.0,D:\quantization-demo - Copy\test\00149.png,D:\quantization-demo - Copy\arguemted_data\3\pseudo_00149_c3_p10000.png
00449,00449.png,3,0.999982,100.0,D:\quantization-demo - Copy\test\00449.png,D:\quantization-demo - Copy\arguemted_data\3\pseudo_00449_c3_p10000.png
02503,02503.png,6,0.999981,100.0,D:\quantization-demo - Copy\test\02503.png,D:\quantization-demo - Copy\arguemted_data\6\pseudo_02503_c6_p10000.png
02575,02575.png,4,0.999981,100.0,D:\quantization-demo - Copy\test\02575.png,D:\quantization-demo - Copy\arguemted_data\4\pseudo_02575_c4_p10000.png
00682,00682.png,6,0.999981,100.0,D:\quantization-demo - Copy\test\00682.png,D:\quantization-demo - Copy\arguemted_data\6\pseudo_00682_c6_p10000.png
00647,00647.png,1,0.999981,100.0,D:\quantization-demo - Copy\test\00647.png,D:\quantization-demo - Copy\arguemted_data\1\pseudo_00647_c1_p10000.png
00554,00554.png,3,0.999981,100.0,D:\quantization-demo - Copy\test\00554.png,D:\quantization-demo - Copy\arguemted_data\3\pseudo_00554_c3_p10000.png
00485,00485.png,9,0.999981,100.0,D:\quantization-demo - Copy\test\00485.png,D:\quantization-demo - Copy\arguemted_data\9\pseudo_00485_c9_p10000.png
00135,00135.png,1,0.999981,100.0,D:\quantization-demo - Copy\test\00135.png,D:\quantization-demo - Copy\arguemted_data\1\pseudo_00135_c1_p10000.png
00999,00999.png,1,0.99998,100.0,D:\quantization-demo - Copy\test\00999.png,D:\quantization-demo - Copy\arguemted_data\1\pseudo_00999_c1_p10000.png
00331,00331.png,0,0.99998,100.0,D:\quantization-demo - Copy\test\00331.png,D:\quantization-demo - Copy\arguemted_data\0\pseudo_00331_c0_p10000.png
00270,00270.png,1,0.99998,100.0,D:\quantization-demo - Copy\test\00270.png,D:\quantization-demo - Copy\arguemted_data\1\pseudo_00270_c1_p10000.png
01956,01956.png,2,0.99998,100.0,D:\quantization-demo - Copy\test\01956.png,D:\quantization-demo - Copy\arguemted_data\2\pseudo_01956_c2_p10000.png
00353,00353.png,0,0.99998,100.0,D:\quantization-demo - Copy\test\00353.png,D:\quantization-demo - Copy\arguemted_data\0\pseudo_00353_c0_p10000.png
00617,00617.png,2,0.99998,100.0,D:\quantization-demo - Copy\test\00617.png,D:\quantization-demo - Copy\arguemted_data\2\pseudo_00617_c2_p10000.png
00532,00532.png,7,0.999979,100.0,D:\quantization-demo - Copy\test\00532.png,D:\quantization-demo - Copy\arguemted_data\7\pseudo_00532_c7_p10000.png
02119,02119.png,0,0.999979,100.0,D:\quantization-demo - Copy\test\02119.png,D:\quantization-demo - Copy\arguemted_data\0\pseudo_02119_c0_p10000.png
00259,00259.png,0,0.999978,100.0,D:\quantization-demo - Copy\test\00259.png,D:\quantization-demo - Copy\arguemted_data\0\pseudo_00259_c0_p10000.png
00093,00093.png,6,0.999978,100.0,D:\quantization-demo - Copy\test\00093.png,D:\quantization-demo - Copy\arguemted_data\6\pseudo_00093_c6_p10000.png
00238,00238.png,1,0.999977,100.0,D:\quantization-demo - Copy\test\00238.png,D:\quantization-demo - Copy\arguemted_data\1\pseudo_00238_c1_p10000.png
02212,02212.png,6,0.999977,100.0,D:\quantization-demo - Copy\test\02212.png,D:\quantization-demo - Copy\arguemted_data\6\pseudo_02212_c6_p10000.png
02527,02527.png,2,0.999977,100.0,D:\quantization-demo - Copy\test\02527.png,D:\quantization-demo - Copy\arguemted_data\2\pseudo_02527_c2_p10000.png
01621,01621.png,1,0.999976,100.0,D:\quantization-demo - Copy\test\01621.png,D:\quantization-demo - Copy\arguemted_data\1\pseudo_01621_c1_p10000.png
02648,02648.png,7,0.999976,100.0,D:\quantization-demo - Copy\test\02648.png,D:\quantization-demo - Copy\arguemted_data\7\pseudo_02648_c7_p10000.png
00287,00287.png,2,0.999975,100.0,D:\quantization-demo - Copy\test\00287.png,D:\quantization-demo - Copy\arguemted_data\2\pseudo_00287_c2_p10000.png
01689,01689.png,2,0.999975,100.0,D:\quantization-demo - Copy\test\01689.png,D:\quantization-demo - Copy\arguemted_data\2\pseudo_01689_c2_p10000.png
01795,01795.png,2,0.999975,100.0,D:\quantization-demo - Copy\test\01795.png,D:\quantization-demo - Copy\arguemted_data\2\pseudo_01795_c2_p10000.png
02346,02346.png,4,0.999974,100.0,D:\quantization-demo - Copy\test\02346.png,D:\quantization-demo - Copy\arguemted_data\4\pseudo_02346_c4_p10000.png
02601,02601.png,1,0.999974,100.0,D:\quantization-demo - Copy\test\02601.png,D:\quantization-demo - Copy\arguemted_data\1\pseudo_02601_c1_p10000.png
00199,00199.png,0,0.999973,100.0,D:\quantization-demo - Copy\test\00199.png,D:\quantization-demo - Copy\arguemted_data\0\pseudo_00199_c0_p10000.png
01364,01364.png,2,0.999973,100.0,D:\quantization-demo - Copy\test\01364.png,D:\quantization-demo - Copy\arguemted_data\2\pseudo_01364_c2_p10000.png
02369,02369.png,6,0.999973,100.0,D:\quantization-demo - Copy\test\02369.png,D:\quantization-demo - Copy\arguemted_data\6\pseudo_02369_c6_p10000.png
02366,02366.png,3,0.999973,100.0,D:\quantization-demo - Copy\test\02366.png,D:\quantization-demo - Copy\arguemted_data\3\pseudo_02366_c3_p10000.png
01264,01264.png,1,0.999973,100.0,D:\quantization-demo - Copy\test\01264.png,D:\quantization-demo - Copy\arguemted_data\1\pseudo_01264_c1_p10000.png
02992,02992.png,0,0.999972,100.0,D:\quantization-demo - Copy\test\02992.png,D:\quantization-demo - Copy\arguemted_data\0\pseudo_02992_c0_p10000.png
01902,01902.png,1,0.999972,100.0,D:\quantization-demo - Copy\test\01902.png,D:\quantization-demo - Copy\arguemted_data\1\pseudo_01902_c1_p10000.png
02757,02757.png,0,0.999972,100.0,D:\quantization-demo - Copy\test\02757.png,D:\quantization-demo - Copy\arguemted_data\0\pseudo_02757_c0_p10000.png
00786,00786.png,6,0.999972,100.0,D:\quantization-demo - Copy\test\00786.png,D:\quantization-demo - Copy\arguemted_data\6\pseudo_00786_c6_p10000.png
02940,02940.png,1,0.999971,100.0,D:\quantization-demo - Copy\test\02940.png,D:\quantization-demo - Copy\arguemted_data\1\pseudo_02940_c1_p10000.png
02183,02183.png,6,0.999971,100.0,D:\quantization-demo - Copy\test\02183.png,D:\quantization-demo - Copy\arguemted_data\6\pseudo_02183_c6_p10000.png
00785,00785.png,1,0.999971,100.0,D:\quantization-demo - Copy\test\00785.png,D:\quantization-demo - Copy\arguemted_data\1\pseudo_00785_c1_p10000.png
01072,01072.png,2,0.99997,100.0,D:\quantization-demo - Copy\test\01072.png,D:\quantization-demo - Copy\arguemted_data\2\pseudo_01072_c2_p10000.png
00547,00547.png,0,0.99997,100.0,D:\quantization-demo - Copy\test\00547.png,D:\quantization-demo - Copy\arguemted_data\0\pseudo_00547_c0_p10000.png
00220,00220.png,2,0.99997,100.0,D:\quantization-demo - Copy\test\00220.png,D:\quantization-demo - Copy\arguemted_data\2\pseudo_00220_c2_p10000.png
01740,01740.png,2,0.99997,100.0,D:\quantization-demo - Copy\test\01740.png,D:\quantization-demo - Copy\arguemted_data\2\pseudo_01740_c2_p10000.png
00070,00070.png,6,0.999969,100.0,D:\quantization-demo - Copy\test\00070.png,D:\quantization-demo - Copy\arguemted_data\6\pseudo_00070_c6_p10000.png
01846,01846.png,1,0.999968,100.0,D:\quantization-demo - Copy\test\01846.png,D:\quantization-demo - Copy\arguemted_data\1\pseudo_01846_c1_p10000.png
00439,00439.png,3,0.999968,100.0,D:\quantization-demo - Copy\test\00439.png,D:\quantization-demo - Copy\arguemted_data\3\pseudo_00439_c3_p10000.png
01850,01850.png,1,0.999968,100.0,D:\quantization-demo - Copy\test\01850.png,D:\quantization-demo - Copy\arguemted_data\1\pseudo_01850_c1_p10000.png
01497,01497.png,9,0.999968,100.0,D:\quantization-demo - Copy\test\01497.png,D:\quantization-demo - Copy\arguemted_data\9\pseudo_01497_c9_p10000.png
02164,02164.png,1,0.999967,100.0,D:\quantization-demo - Copy\test\02164.png,D:\quantization-demo - Copy\arguemted_data\1\pseudo_02164_c1_p10000.png
02657,02657.png,3,0.999967,100.0,D:\quantization-demo - Copy\test\02657.png,D:\quantization-demo - Copy\arguemted_data\3\pseudo_02657_c3_p10000.png
03000,03000.png,6,0.999966,100.0,D:\quantization-demo - Copy\test\03000.png,D:\quantization-demo - Copy\arguemted_data\6\pseudo_03000_c6_p10000.png
00445,00445.png,6,0.999965,100.0,D:\quantization-demo - Copy\test\00445.png,D:\quantization-demo - Copy\arguemted_data\6\pseudo_00445_c6_p10000.png
02980,02980.png,1,0.999964,100.0,D:\quantization-demo - Copy\test\02980.png,D:\quantization-demo - Copy\arguemted_data\1\pseudo_02980_c1_p10000.png
00911,00911.png,3,0.999964,100.0,D:\quantization-demo - Copy\test\00911.png,D:\quantization-demo - Copy\arguemted_data\3\pseudo_00911_c3_p10000.png
00961,00961.png,2,0.999964,100.0,D:\quantization-demo - Copy\test\00961.png,D:\quantization-demo - Copy\arguemted_data\2\pseudo_00961_c2_p10000.png
03057,03057.png,6,0.999964,100.0,D:\quantization-demo - Copy\test\03057.png,D:\quantization-demo - Copy\arguemted_data\6\pseudo_03057_c6_p10000.png
00845,00845.png,3,0.999963,100.0,D:\quantization-demo - Copy\test\00845.png,D:\quantization-demo - Copy\arguemted_data\3\pseudo_00845_c3_p10000.png
01330,01330.png,9,0.999963,100.0,D:\quantization-demo - Copy\test\01330.png,D:\quantization-demo - Copy\arguemted_data\9\pseudo_01330_c9_p10000.png
01395,01395.png,0,0.999962,100.0,D:\quantization-demo - Copy\test\01395.png,D:\quantization-demo - Copy\arguemted_data\0\pseudo_01395_c0_p10000.png
01511,01511.png,0,0.999962,100.0,D:\quantization-demo - Copy\test\01511.png,D:\quantization-demo - Copy\arguemted_data\0\pseudo_01511_c0_p10000.png
02014,02014.png,4,0.999961,100.0,D:\quantization-demo - Copy\test\02014.png,D:\quantization-demo - Copy\arguemted_data\4\pseudo_02014_c4_p10000.png
00585,00585.png,6,0.999961,100.0,D:\quantization-demo - Copy\test\00585.png,D:\quantization-demo - Copy\arguemted_data\6\pseudo_00585_c6_p10000.png
00324,00324.png,1,0.99996,100.0,D:\quantization-demo - Copy\test\00324.png,D:\quantization-demo - Copy\arguemted_data\1\pseudo_00324_c1_p10000.png
01860,01860.png,8,0.99996,100.0,D:\quantization-demo - Copy\test\01860.png,D:\quantization-demo - Copy\arguemted_data\8\pseudo_01860_c8_p10000.png
01097,01097.png,4,0.99996,100.0,D:\quantization-demo - Copy\test\01097.png,D:\quantization-demo - Copy\arguemted_data\4\pseudo_01097_c4_p10000.png
00862,00862.png,6,0.999959,100.0,D:\quantization-demo - Copy\test\00862.png,D:\quantization-demo - Copy\arguemted_data\6\pseudo_00862_c6_p10000.png
00958,00958.png,1,0.999959,100.0,D:\quantization-demo - Copy\test\00958.png,D:\quantization-demo - Copy\arguemted_data\1\pseudo_00958_c1_p10000.png
00789,00789.png,2,0.999958,100.0,D:\quantization-demo - Copy\test\00789.png,D:\quantization-demo - Copy\arguemted_data\2\pseudo_00789_c2_p10000.png
02739,02739.png,8,0.999957,100.0,D:\quantization-demo - Copy\test\02739.png,D:\quantization-demo - Copy\arguemted_data\8\pseudo_02739_c8_p10000.png
03051,03051.png,1,0.999957,100.0,D:\quantization-demo - Copy\test\03051.png,D:\quantization-demo - Copy\arguemted_data\1\pseudo_03051_c1_p10000.png
00272,00272.png,0,0.999957,100.0,D:\quantization-demo - Copy\test\00272.png,D:\quantization-demo - Copy\arguemted_data\0\pseudo_00272_c0_p10000.png
01236,01236.png,3,0.999957,100.0,D:\quantization-demo - Copy\test\01236.png,D:\quantization-demo - Copy\arguemted_data\3\pseudo_01236_c3_p10000.png
03015,03015.png,7,0.999957,100.0,D:\quantization-demo - Copy\test\03015.png,D:\quantization-demo - Copy\arguemted_data\7\pseudo_03015_c7_p10000.png
01044,01044.png,0,0.999956,100.0,D:\quantization-demo - Copy\test\01044.png,D:\quantization-demo - Copy\arguemted_data\0\pseudo_01044_c0_p10000.png
01309,01309.png,1,0.999956,100.0,D:\quantization-demo - Copy\test\01309.png,D:\quantization-demo - Copy\arguemted_data\1\pseudo_01309_c1_p10000.png
02501,02501.png,2,0.999956,100.0,D:\quantization-demo - Copy\test\02501.png,D:\quantization-demo - Copy\arguemted_data\2\pseudo_02501_c2_p10000.png
00782,00782.png,0,0.999955,100.0,D:\quantization-demo - Copy\test\00782.png,D:\quantization-demo - Copy\arguemted_data\0\pseudo_00782_c0_p10000.png
02817,02817.png,0,0.999954,100.0,D:\quantization-demo - Copy\test\02817.png,D:\quantization-demo - Copy\arguemted_data\0\pseudo_02817_c0_p10000.png
02803,02803.png,1,0.999954,100.0,D:\quantization-demo - Copy\test\02803.png,D:\quantization-demo - Copy\arguemted_data\1\pseudo_02803_c1_p10000.png
02975,02975.png,1,0.999953,100.0,D:\quantization-demo - Copy\test\02975.png,D:\quantization-demo - Copy\arguemted_data\1\pseudo_02975_c1_p10000.png
01048,01048.png,2,0.999953,100.0,D:\quantization-demo - Copy\test\01048.png,D:\quantization-demo - Copy\arguemted_data\2\pseudo_01048_c2_p10000.png
02633,02633.png,2,0.999953,100.0,D:\quantization-demo - Copy\test\02633.png,D:\quantization-demo - Copy\arguemted_data\2\pseudo_02633_c2_p10000.png
03069,03069.png,3,0.999952,100.0,D:\quantization-demo - Copy\test\03069.png,D:\quantization-demo - Copy\arguemted_data\3\pseudo_03069_c3_p10000.png
01281,01281.png,2,0.999952,100.0,D:\quantization-demo - Copy\test\01281.png,D:\quantization-demo - Copy\arguemted_data\2\pseudo_01281_c2_p10000.png
02795,02795.png,0,0.999951,100.0,D:\quantization-demo - Copy\test\02795.png,D:\quantization-demo - Copy\arguemted_data\0\pseudo_02795_c0_p10000.png
02447,02447.png,0,0.999948,99.99,D:\quantization-demo - Copy\test\02447.png,D:\quantization-demo - Copy\arguemted_data\0\pseudo_02447_c0_p9999.png
01532,01532.png,2,0.999947,99.99,D:\quantization-demo - Copy\test\01532.png,D:\quantization-demo - Copy\arguemted_data\2\pseudo_01532_c2_p9999.png
02418,02418.png,2,0.999947,99.99,D:\quantization-demo - Copy\test\02418.png,D:\quantization-demo - Copy\arguemted_data\2\pseudo_02418_c2_p9999.png
00052,00052.png,2,0.999946,99.99,D:\quantization-demo - Copy\test\00052.png,D:\quantization-demo - Copy\arguemted_data\2\pseudo_00052_c2_p9999.png
02681,02681.png,0,0.999944,99.99,D:\quantization-demo - Copy\test\02681.png,D:\quantization-demo - Copy\arguemted_data\0\pseudo_02681_c0_p9999.png
00277,00277.png,1,0.999943,99.99,D:\quantization-demo - Copy\test\00277.png,D:\quantization-demo - Copy\arguemted_data\1\pseudo_00277_c1_p9999.png
01151,01151.png,4,0.999943,99.99,D:\quantization-demo - Copy\test\01151.png,D:\quantization-demo - Copy\arguemted_data\4\pseudo_01151_c4_p9999.png
02262,02262.png,1,0.999943,99.99,D:\quantization-demo - Copy\test\02262.png,D:\quantization-demo - Copy\arguemted_data\1\pseudo_02262_c1_p9999.png
01714,01714.png,1,0.999942,99.99,D:\quantization-demo - Copy\test\01714.png,D:\quantization-demo - Copy\arguemted_data\1\pseudo_01714_c1_p9999.png
02961,02961.png,2,0.99994,99.99,D:\quantization-demo - Copy\test\02961.png,D:\quantization-demo - Copy\arguemted_data\2\pseudo_02961_c2_p9999.png
02910,02910.png,6,0.999938,99.99,D:\quantization-demo - Copy\test\02910.png,D:\quantization-demo - Copy\arguemted_data\6\pseudo_02910_c6_p9999.png
00544,00544.png,1,0.999938,99.99,D:\quantization-demo - Copy\test\00544.png,D:\quantization-demo - Copy\arguemted_data\1\pseudo_00544_c1_p9999.png
01991,01991.png,2,0.999937,99.99,D:\quantization-demo - Copy\test\01991.png,D:\quantization-demo - Copy\arguemted_data\2\pseudo_01991_c2_p9999.png
00415,00415.png,6,0.999934,99.99,D:\quantization-demo - Copy\test\00415.png,D:\quantization-demo - Copy\arguemted_data\6\pseudo_00415_c6_p9999.png
00506,00506.png,1,0.999934,99.99,D:\quantization-demo - Copy\test\00506.png,D:\quantization-demo - Copy\arguemted_data\1\pseudo_00506_c1_p9999.png
02553,02553.png,6,0.999933,99.99,D:\quantization-demo - Copy\test\02553.png,D:\quantization-demo - Copy\arguemted_data\6\pseudo_02553_c6_p9999.png
01582,01582.png,7,0.999931,99.99,D:\quantization-demo - Copy\test\01582.png,D:\quantization-demo - Copy\arguemted_data\7\pseudo_01582_c7_p9999.png
00208,00208.png,0,0.999931,99.99,D:\quantization-demo - Copy\test\00208.png,D:\quantization-demo - Copy\arguemted_data\0\pseudo_00208_c0_p9999.png
01289,01289.png,2,0.99993,99.99,D:\quantization-demo - Copy\test\01289.png,D:\quantization-demo - Copy\arguemted_data\2\pseudo_01289_c2_p9999.png
01011,01011.png,9,0.99993,99.99,D:\quantization-demo - Copy\test\01011.png,D:\quantization-demo - Copy\arguemted_data\9\pseudo_01011_c9_p9999.png
02008,02008.png,2,0.999929,99.99,D:\quantization-demo - Copy\test\02008.png,D:\quantization-demo - Copy\arguemted_data\2\pseudo_02008_c2_p9999.png
01083,01083.png,6,0.999929,99.99,D:\quantization-demo - Copy\test\01083.png,D:\quantization-demo - Copy\arguemted_data\6\pseudo_01083_c6_p9999.png
00831,00831.png,6,0.999929,99.99,D:\quantization-demo - Copy\test\00831.png,D:\quantization-demo - Copy\arguemted_data\6\pseudo_00831_c6_p9999.png
01273,01273.png,1,0.999928,99.99,D:\quantization-demo - Copy\test\01273.png,D:\quantization-demo - Copy\arguemted_data\1\pseudo_01273_c1_p9999.png
02570,02570.png,1,0.999928,99.99,D:\quantization-demo - Copy\test\02570.png,D:\quantization-demo - Copy\arguemted_data\1\pseudo_02570_c1_p9999.png
02219,02219.png,7,0.999928,99.99,D:\quantization-demo - Copy\test\02219.png,D:\quantization-demo - Copy\arguemted_data\7\pseudo_02219_c7_p9999.png
02102,02102.png,8,0.999926,99.99,D:\quantization-demo - Copy\test\02102.png,D:\quantization-demo - Copy\arguemted_data\8\pseudo_02102_c8_p9999.png
01882,01882.png,6,0.999925,99.99,D:\quantization-demo - Copy\test\01882.png,D:\quantization-demo - Copy\arguemted_data\6\pseudo_01882_c6_p9999.png
02951,02951.png,0,0.999924,99.99,D:\quantization-demo - Copy\test\02951.png,D:\quantization-demo - Copy\arguemted_data\0\pseudo_02951_c0_p9999.png
00257,00257.png,1,0.999924,99.99,D:\quantization-demo - Copy\test\00257.png,D:\quantization-demo - Copy\arguemted_data\1\pseudo_00257_c1_p9999.png
02671,02671.png,6,0.999923,99.99,D:\quantization-demo - Copy\test\02671.png,D:\quantization-demo - Copy\arguemted_data\6\pseudo_02671_c6_p9999.png
02005,02005.png,6,0.999923,99.99,D:\quantization-demo - Copy\test\02005.png,D:\quantization-demo - Copy\arguemted_data\6\pseudo_02005_c6_p9999.png
02312,02312.png,2,0.999923,99.99,D:\quantization-demo - Copy\test\02312.png,D:\quantization-demo - Copy\arguemted_data\2\pseudo_02312_c2_p9999.png
03008,03008.png,2,0.999923,99.99,D:\quantization-demo - Copy\test\03008.png,D:\quantization-demo - Copy\arguemted_data\2\pseudo_03008_c2_p9999.png
01426,01426.png,6,0.999922,99.99,D:\quantization-demo - Copy\test\01426.png,D:\quantization-demo - Copy\arguemted_data\6\pseudo_01426_c6_p9999.png
00360,00360.png,1,0.999921,99.99,D:\quantization-demo - Copy\test\00360.png,D:\quantization-demo - Copy\arguemted_data\1\pseudo_00360_c1_p9999.png
02852,02852.png,1,0.99992,99.99,D:\quantization-demo - Copy\test\02852.png,D:\quantization-demo - Copy\arguemted_data\1\pseudo_02852_c1_p9999.png
02821,02821.png,6,0.999919,99.99,D:\quantization-demo - Copy\test\02821.png,D:\quantization-demo - Copy\arguemted_data\6\pseudo_02821_c6_p9999.png
00144,00144.png,6,0.999918,99.99,D:\quantization-demo - Copy\test\00144.png,D:\quantization-demo - Copy\arguemted_data\6\pseudo_00144_c6_p9999.png
01718,01718.png,7,0.999917,99.99,D:\quantization-demo - Copy\test\01718.png,D:\quantization-demo - Copy\arguemted_data\7\pseudo_01718_c7_p9999.png
01950,01950.png,0,0.999917,99.99,D:\quantization-demo - Copy\test\01950.png,D:\quantization-demo - Copy\arguemted_data\0\pseudo_01950_c0_p9999.png
01271,01271.png,9,0.999916,99.99,D:\quantization-demo - Copy\test\01271.png,D:\quantization-demo - Copy\arguemted_data\9\pseudo_01271_c9_p9999.png
01593,01593.png,4,0.999915,99.99,D:\quantization-demo - Copy\test\01593.png,D:\quantization-demo - Copy\arguemted_data\4\pseudo_01593_c4_p9999.png
01407,01407.png,6,0.999913,99.99,D:\quantization-demo - Copy\test\01407.png,D:\quantization-demo - Copy\arguemted_data\6\pseudo_01407_c6_p9999.png
01234,01234.png,1,0.999912,99.99,D:\quantization-demo - Copy\test\01234.png,D:\quantization-demo - Copy\arguemted_data\1\pseudo_01234_c1_p9999.png
01124,01124.png,4,0.999911,99.99,D:\quantization-demo - Copy\test\01124.png,D:\quantization-demo - Copy\arguemted_data\4\pseudo_01124_c4_p9999.png
01509,01509.png,0,0.99991,99.99,D:\quantization-demo - Copy\test\01509.png,D:\quantization-demo - Copy\arguemted_data\0\pseudo_01509_c0_p9999.png
02162,02162.png,2,0.99991,99.99,D:\quantization-demo - Copy\test\02162.png,D:\quantization-demo - Copy\arguemted_data\2\pseudo_02162_c2_p9999.png
00340,00340.png,6,0.999907,99.99,D:\quantization-demo - Copy\test\00340.png,D:\quantization-demo - Copy\arguemted_data\6\pseudo_00340_c6_p9999.png
00494,00494.png,2,0.999905,99.99,D:\quantization-demo - Copy\test\00494.png,D:\quantization-demo - Copy\arguemted_data\2\pseudo_00494_c2_p9999.png
01691,01691.png,1,0.999904,99.99,D:\quantization-demo - Copy\test\01691.png,D:\quantization-demo - Copy\arguemted_data\1\pseudo_01691_c1_p9999.png
02542,02542.png,4,0.999904,99.99,D:\quantization-demo - Copy\test\02542.png,D:\quantization-demo - Copy\arguemted_data\4\pseudo_02542_c4_p9999.png
00352,00352.png,1,0.999903,99.99,D:\quantization-demo - Copy\test\00352.png,D:\quantization-demo - Copy\arguemted_data\1\pseudo_00352_c1_p9999.png
00676,00676.png,2,0.9999,99.99,D:\quantization-demo - Copy\test\00676.png,D:\quantization-demo - Copy\arguemted_data\2\pseudo_00676_c2_p9999.png
00776,00776.png,3,0.9999,99.99,D:\quantization-demo - Copy\test\00776.png,D:\quantization-demo - Copy\arguemted_data\3\pseudo_00776_c3_p9999.png
00549,00549.png,0,0.9999,99.99,D:\quantization-demo - Copy\test\00549.png,D:\quantization-demo - Copy\arguemted_data\0\pseudo_00549_c0_p9999.png
02699,02699.png,0,0.9999,99.99,D:\quantization-demo - Copy\test\02699.png,D:\quantization-demo - Copy\arguemted_data\0\pseudo_02699_c0_p9999.png
02129,02129.png,1,0.9999,99.99,D:\quantization-demo - Copy\test\02129.png,D:\quantization-demo - Copy\arguemted_data\1\pseudo_02129_c1_p9999.png
00998,00998.png,2,0.999895,99.99,D:\quantization-demo - Copy\test\00998.png,D:\quantization-demo - Copy\arguemted_data\2\pseudo_00998_c2_p9999.png
00573,00573.png,2,0.999892,99.99,D:\quantization-demo - Copy\test\00573.png,D:\quantization-demo - Copy\arguemted_data\2\pseudo_00573_c2_p9999.png
01047,01047.png,1,0.999891,99.99,D:\quantization-demo - Copy\test\01047.png,D:\quantization-demo - Copy\arguemted_data\1\pseudo_01047_c1_p9999.png
00767,00767.png,3,0.999891,99.99,D:\quantization-demo - Copy\test\00767.png,D:\quantization-demo - Copy\arguemted_data\3\pseudo_00767_c3_p9999.png
00560,00560.png,3,0.999889,99.99,D:\quantization-demo - Copy\test\00560.png,D:\quantization-demo - Copy\arguemted_data\3\pseudo_00560_c3_p9999.png
00940,00940.png,2,0.999887,99.99,D:\quantization-demo - Copy\test\00940.png,D:\quantization-demo - Copy\arguemted_data\2\pseudo_00940_c2_p9999.png
02304,02304.png,3,0.999887,99.99,D:\quantization-demo - Copy\test\02304.png,D:\quantization-demo - Copy\arguemted_data\3\pseudo_02304_c3_p9999.png
01518,01518.png,7,0.999887,99.99,D:\quantization-demo - Copy\test\01518.png,D:\quantization-demo - Copy\arguemted_data\7\pseudo_01518_c7_p9999.png
00212,00212.png,4,0.999885,99.99,D:\quantization-demo - Copy\test\00212.png,D:\quantization-demo - Copy\arguemted_data\4\pseudo_00212_c4_p9999.png
00115,00115.png,6,0.999884,99.99,D:\quantization-demo - Copy\test\00115.png,D:\quantization-demo - Copy\arguemted_data\6\pseudo_00115_c6_p9999.png
01941,01941.png,6,0.999879,99.99,D:\quantization-demo - Copy\test\01941.png,D:\quantization-demo - Copy\arguemted_data\6\pseudo_01941_c6_p9999.png
01867,01867.png,3,0.999878,99.99,D:\quantization-demo - Copy\test\01867.png,D:\quantization-demo - Copy\arguemted_data\3\pseudo_01867_c3_p9999.png
01381,01381.png,1,0.999878,99.99,D:\quantization-demo - Copy\test\01381.png,D:\quantization-demo - Copy\arguemted_data\1\pseudo_01381_c1_p9999.png
00194,00194.png,2,0.999878,99.99,D:\quantization-demo - Copy\test\00194.png,D:\quantization-demo - Copy\arguemted_data\2\pseudo_00194_c2_p9999.png
00507,00507.png,2,0.999873,99.99,D:\quantization-demo - Copy\test\00507.png,D:\quantization-demo - Copy\arguemted_data\2\pseudo_00507_c2_p9999.png
01777,01777.png,1,0.999872,99.99,D:\quantization-demo - Copy\test\01777.png,D:\quantization-demo - Copy\arguemted_data\1\pseudo_01777_c1_p9999.png
01512,01512.png,6,0.999872,99.99,D:\quantization-demo - Copy\test\01512.png,D:\quantization-demo - Copy\arguemted_data\6\pseudo_01512_c6_p9999.png
00080,00080.png,9,0.999871,99.99,D:\quantization-demo - Copy\test\00080.png,D:\quantization-demo - Copy\arguemted_data\9\pseudo_00080_c9_p9999.png
01507,01507.png,1,0.99987,99.99,D:\quantization-demo - Copy\test\01507.png,D:\quantization-demo - Copy\arguemted_data\1\pseudo_01507_c1_p9999.png
02227,02227.png,4,0.999856,99.99,D:\quantization-demo - Copy\test\02227.png,D:\quantization-demo - Copy\arguemted_data\4\pseudo_02227_c4_p9999.png
00313,00313.png,3,0.999855,99.99,D:\quantization-demo - Copy\test\00313.png,D:\quantization-demo - Copy\arguemted_data\3\pseudo_00313_c3_p9999.png
00632,00632.png,0,0.999854,99.99,D:\quantization-demo - Copy\test\00632.png,D:\quantization-demo - Copy\arguemted_data\0\pseudo_00632_c0_p9999.png
02443,02443.png,1,0.999849,99.98,D:\quantization-demo - Copy\test\02443.png,D:\quantization-demo - Copy\arguemted_data\1\pseudo_02443_c1_p9998.png
01247,01247.png,2,0.999847,99.98,D:\quantization-demo - Copy\test\01247.png,D:\quantization-demo - Copy\arguemted_data\2\pseudo_01247_c2_p9998.png
00151,00151.png,2,0.999847,99.98,D:\quantization-demo - Copy\test\00151.png,D:\quantization-demo - Copy\arguemted_data\2\pseudo_00151_c2_p9998.png
01149,01149.png,6,0.999843,99.98,D:\quantization-demo - Copy\test\01149.png,D:\quantization-demo - Copy\arguemted_data\6\pseudo_01149_c6_p9998.png
02486,02486.png,1,0.999843,99.98,D:\quantization-demo - Copy\test\02486.png,D:\quantization-demo - Copy\arguemted_data\1\pseudo_02486_c1_p9998.png
01847,01847.png,3,0.999835,99.98,D:\quantization-demo - Copy\test\01847.png,D:\quantization-demo - Copy\arguemted_data\3\pseudo_01847_c3_p9998.png
00855,00855.png,0,0.99983,99.98,D:\quantization-demo - Copy\test\00855.png,D:\quantization-demo - Copy\arguemted_data\0\pseudo_00855_c0_p9998.png
02826,02826.png,3,0.999828,99.98,D:\quantization-demo - Copy\test\02826.png,D:\quantization-demo - Copy\arguemted_data\3\pseudo_02826_c3_p9998.png
00393,00393.png,2,0.999827,99.98,D:\quantization-demo - Copy\test\00393.png,D:\quantization-demo - Copy\arguemted_data\2\pseudo_00393_c2_p9998.png
01283,01283.png,1,0.999821,99.98,D:\quantization-demo - Copy\test\01283.png,D:\quantization-demo - Copy\arguemted_data\1\pseudo_01283_c1_p9998.png
00299,00299.png,8,0.99982,99.98,D:\quantization-demo - Copy\test\00299.png,D:\quantization-demo - Copy\arguemted_data\8\pseudo_00299_c8_p9998.png
00898,00898.png,8,0.999819,99.98,D:\quantization-demo - Copy\test\00898.png,D:\quantization-demo - Copy\arguemted_data\8\pseudo_00898_c8_p9998.png
00420,00420.png,1,0.999819,99.98,D:\quantization-demo - Copy\test\00420.png,D:\quantization-demo - Copy\arguemted_data\1\pseudo_00420_c1_p9998.png
02174,02174.png,0,0.999818,99.98,D:\quantization-demo - Copy\test\02174.png,D:\quantization-demo - Copy\arguemted_data\0\pseudo_02174_c0_p9998.png
01558,01558.png,3,0.999816,99.98,D:\quantization-demo - Copy\test\01558.png,D:\quantization-demo - Copy\arguemted_data\3\pseudo_01558_c3_p9998.png
00644,00644.png,3,0.999813,99.98,D:\quantization-demo - Copy\test\00644.png,D:\quantization-demo - Copy\arguemted_data\3\pseudo_00644_c3_p9998.png
00350,00350.png,1,0.999811,99.98,D:\quantization-demo - Copy\test\00350.png,D:\quantization-demo - Copy\arguemted_data\1\pseudo_00350_c1_p9998.png
00014,00014.png,6,0.999811,99.98,D:\quantization-demo - Copy\test\00014.png,D:\quantization-demo - Copy\arguemted_data\6\pseudo_00014_c6_p9998.png
01007,01007.png,0,0.999809,99.98,D:\quantization-demo - Copy\test\01007.png,D:\quantization-demo - Copy\arguemted_data\0\pseudo_01007_c0_p9998.png
00279,00279.png,0,0.999805,99.98,D:\quantization-demo - Copy\test\00279.png,D:\quantization-demo - Copy\arguemted_data\0\pseudo_00279_c0_p9998.png
02548,02548.png,3,0.999804,99.98,D:\quantization-demo - Copy\test\02548.png,D:\quantization-demo - Copy\arguemted_data\3\pseudo_02548_c3_p9998.png
01000,01000.png,7,0.999804,99.98,D:\quantization-demo - Copy\test\01000.png,D:\quantization-demo - Copy\arguemted_data\7\pseudo_01000_c7_p9998.png
00155,00155.png,1,0.9998,99.98,D:\quantization-demo - Copy\test\00155.png,D:\quantization-demo - Copy\arguemted_data\1\pseudo_00155_c1_p9998.png
03044,03044.png,2,0.999794,99.98,D:\quantization-demo - Copy\test\03044.png,D:\quantization-demo - Copy\arguemted_data\2\pseudo_03044_c2_p9998.png
01706,01706.png,1,0.99979,99.98,D:\quantization-demo - Copy\test\01706.png,D:\quantization-demo - Copy\arguemted_data\1\pseudo_01706_c1_p9998.png
01216,01216.png,1,0.999786,99.98,D:\quantization-demo - Copy\test\01216.png,D:\quantization-demo - Copy\arguemted_data\1\pseudo_01216_c1_p9998.png
00707,00707.png,1,0.999785,99.98,D:\quantization-demo - Copy\test\00707.png,D:\quantization-demo - Copy\arguemted_data\1\pseudo_00707_c1_p9998.png
00438,00438.png,8,0.999784,99.98,D:\quantization-demo - Copy\test\00438.png,D:\quantization-demo - Copy\arguemted_data\8\pseudo_00438_c8_p9998.png
02377,02377.png,3,0.999777,99.98,D:\quantization-demo - Copy\test\02377.png,D:\quantization-demo - Copy\arguemted_data\3\pseudo_02377_c3_p9998.png
01093,01093.png,4,0.999773,99.98,D:\quantization-demo - Copy\test\01093.png,D:\quantization-demo - Copy\arguemted_data\4\pseudo_01093_c4_p9998.png
01954,01954.png,2,0.999766,99.98,D:\quantization-demo - Copy\test\01954.png,D:\quantization-demo - Copy\arguemted_data\2\pseudo_01954_c2_p9998.png
02123,02123.png,8,0.999765,99.98,D:\quantization-demo - Copy\test\02123.png,D:\quantization-demo - Copy\arguemted_data\8\pseudo_02123_c8_p9998.png
01817,01817.png,3,0.999762,99.98,D:\quantization-demo - Copy\test\01817.png,D:\quantization-demo - Copy\arguemted_data\3\pseudo_01817_c3_p9998.png
00772,00772.png,2,0.99976,99.98,D:\quantization-demo - Copy\test\00772.png,D:\quantization-demo - Copy\arguemted_data\2\pseudo_00772_c2_p9998.png
01321,01321.png,0,0.999757,99.98,D:\quantization-demo - Copy\test\01321.png,D:\quantization-demo - Copy\arguemted_data\0\pseudo_01321_c0_p9998.png
03049,03049.png,9,0.999738,99.97,D:\quantization-demo - Copy\test\03049.png,D:\quantization-demo - Copy\arguemted_data\9\pseudo_03049_c9_p9997.png
02982,02982.png,2,0.999736,99.97,D:\quantization-demo - Copy\test\02982.png,D:\quantization-demo - Copy\arguemted_data\2\pseudo_02982_c2_p9997.png
01089,01089.png,1,0.999732,99.97,D:\quantization-demo - Copy\test\01089.png,D:\quantization-demo - Copy\arguemted_data\1\pseudo_01089_c1_p9997.png
01965,01965.png,5,0.999732,99.97,D:\quantization-demo - Copy\test\01965.png,D:\quantization-demo - Copy\arguemted_data\5\pseudo_01965_c5_p9997.png
00988,00988.png,1,0.999731,99.97,D:\quantization-demo - Copy\test\00988.png,D:\quantization-demo - Copy\arguemted_data\1\pseudo_00988_c1_p9997.png
01609,01609.png,6,0.999722,99.97,D:\quantization-demo - Copy\test\01609.png,D:\quantization-demo - Copy\arguemted_data\6\pseudo_01609_c6_p9997.png
02113,02113.png,3,0.999716,99.97,D:\quantization-demo - Copy\test\02113.png,D:\quantization-demo - Copy\arguemted_data\3\pseudo_02113_c3_p9997.png
02655,02655.png,5,0.99971,99.97,D:\quantization-demo - Copy\test\02655.png,D:\quantization-demo - Copy\arguemted_data\5\pseudo_02655_c5_p9997.png
01423,01423.png,1,0.999709,99.97,D:\quantization-demo - Copy\test\01423.png,D:\quantization-demo - Copy\arguemted_data\1\pseudo_01423_c1_p9997.png
01618,01618.png,0,0.9997,99.97,D:\quantization-demo - Copy\test\01618.png,D:\quantization-demo - Copy\arguemted_data\0\pseudo_01618_c0_p9997.png
02104,02104.png,1,0.999696,99.97,D:\quantization-demo - Copy\test\02104.png,D:\quantization-demo - Copy\arguemted_data\1\pseudo_02104_c1_p9997.png
02208,02208.png,4,0.999696,99.97,D:\quantization-demo - Copy\test\02208.png,D:\quantization-demo - Copy\arguemted_data\4\pseudo_02208_c4_p9997.png
02775,02775.png,4,0.999684,99.97,D:\quantization-demo - Copy\test\02775.png,D:\quantization-demo - Copy\arguemted_data\4\pseudo_02775_c4_p9997.png
00610,00610.png,2,0.999683,99.97,D:\quantization-demo - Copy\test\00610.png,D:\quantization-demo - Copy\arguemted_data\2\pseudo_00610_c2_p9997.png
03013,03013.png,1,0.999681,99.97,D:\quantization-demo - Copy\test\03013.png,D:\quantization-demo - Copy\arguemted_data\1\pseudo_03013_c1_p9997.png
02528,02528.png,1,0.999679,99.97,D:\quantization-demo - Copy\test\02528.png,D:\quantization-demo - Copy\arguemted_data\1\pseudo_02528_c1_p9997.png
02402,02402.png,6,0.999676,99.97,D:\quantization-demo - Copy\test\02402.png,D:\quantization-demo - Copy\arguemted_data\6\pseudo_02402_c6_p9997.png
02772,02772.png,3,0.999676,99.97,D:\quantization-demo - Copy\test\02772.png,D:\quantization-demo - Copy\arguemted_data\3\pseudo_02772_c3_p9997.png
01228,01228.png,2,0.999672,99.97,D:\quantization-demo - Copy\test\01228.png,D:\quantization-demo - Copy\arguemted_data\2\pseudo_01228_c2_p9997.png
02529,02529.png,4,0.999666,99.97,D:\quantization-demo - Copy\test\02529.png,D:\quantization-demo - Copy\arguemted_data\4\pseudo_02529_c4_p9997.png
00233,00233.png,2,0.999658,99.97,D:\quantization-demo - Copy\test\00233.png,D:\quantization-demo - Copy\arguemted_data\2\pseudo_00233_c2_p9997.png
00227,00227.png,0,0.999656,99.97,D:\quantization-demo - Copy\test\00227.png,D:\quantization-demo - Copy\arguemted_data\0\pseudo_00227_c0_p9997.png
00430,00430.png,9,0.999654,99.97,D:\quantization-demo - Copy\test\00430.png,D:\quantization-demo - Copy\arguemted_data\9\pseudo_00430_c9_p9997.png
00304,00304.png,9,0.999647,99.96,D:\quantization-demo - Copy\test\00304.png,D:\quantization-demo - Copy\arguemted_data\9\pseudo_00304_c9_p9996.png
01766,01766.png,1,0.999645,99.96,D:\quantization-demo - Copy\test\01766.png,D:\quantization-demo - Copy\arguemted_data\1\pseudo_01766_c1_p9996.png
02778,02778.png,2,0.999634,99.96,D:\quantization-demo - Copy\test\02778.png,D:\quantization-demo - Copy\arguemted_data\2\pseudo_02778_c2_p9996.png
02457,02457.png,4,0.999625,99.96,D:\quantization-demo - Copy\test\02457.png,D:\quantization-demo - Copy\arguemted_data\4\pseudo_02457_c4_p9996.png
00380,00380.png,6,0.999619,99.96,D:\quantization-demo - Copy\test\00380.png,D:\quantization-demo - Copy\arguemted_data\6\pseudo_00380_c6_p9996.png
02858,02858.png,3,0.999619,99.96,D:\quantization-demo - Copy\test\02858.png,D:\quantization-demo - Copy\arguemted_data\3\pseudo_02858_c3_p9996.png
02256,02256.png,2,0.999617,99.96,D:\quantization-demo - Copy\test\02256.png,D:\quantization-demo - Copy\arguemted_data\2\pseudo_02256_c2_p9996.png
00435,00435.png,1,0.999614,99.96,D:\quantization-demo - Copy\test\00435.png,D:\quantization-demo - Copy\arguemted_data\1\pseudo_00435_c1_p9996.png
01912,01912.png,6,0.999609,99.96,D:\quantization-demo - Copy\test\01912.png,D:\quantization-demo - Copy\arguemted_data\6\pseudo_01912_c6_p9996.png
00787,00787.png,5,0.999591,99.96,D:\quantization-demo - Copy\test\00787.png,D:\quantization-demo - Copy\arguemted_data\5\pseudo_00787_c5_p9996.png
02986,02986.png,2,0.999563,99.96,D:\quantization-demo - Copy\test\02986.png,D:\quantization-demo - Copy\arguemted_data\2\pseudo_02986_c2_p9996.png
01945,01945.png,9,0.999556,99.96,D:\quantization-demo - Copy\test\01945.png,D:\quantization-demo - Copy\arguemted_data\9\pseudo_01945_c9_p9996.png
00059,00059.png,2,0.999556,99.96,D:\quantization-demo - Copy\test\00059.png,D:\quantization-demo - Copy\arguemted_data\2\pseudo_00059_c2_p9996.png
01502,01502.png,2,0.999552,99.96,D:\quantization-demo - Copy\test\01502.png,D:\quantization-demo - Copy\arguemted_data\2\pseudo_01502_c2_p9996.png
01713,01713.png,9,0.999549,99.95,D:\quantization-demo - Copy\test\01713.png,D:\quantization-demo - Copy\arguemted_data\9\pseudo_01713_c9_p9995.png
01588,01588.png,7,0.999549,99.95,D:\quantization-demo - Copy\test\01588.png,D:\quantization-demo - Copy\arguemted_data\7\pseudo_01588_c7_p9995.png
00727,00727.png,2,0.999548,99.95,D:\quantization-demo - Copy\test\00727.png,D:\quantization-demo - Copy\arguemted_data\2\pseudo_00727_c2_p9995.png
01231,01231.png,6,0.999546,99.95,D:\quantization-demo - Copy\test\01231.png,D:\quantization-demo - Copy\arguemted_data\6\pseudo_01231_c6_p9995.png
01270,01270.png,1,0.999545,99.95,D:\quantization-demo - Copy\test\01270.png,D:\quantization-demo - Copy\arguemted_data\1\pseudo_01270_c1_p9995.png
01537,01537.png,2,0.999533,99.95,D:\quantization-demo - Copy\test\01537.png,D:\quantization-demo - Copy\arguemted_data\2\pseudo_01537_c2_p9995.png
00915,00915.png,4,0.99953,99.95,D:\quantization-demo - Copy\test\00915.png,D:\quantization-demo - Copy\arguemted_data\4\pseudo_00915_c4_p9995.png
00100,00100.png,3,0.999525,99.95,D:\quantization-demo - Copy\test\00100.png,D:\quantization-demo - Copy\arguemted_data\3\pseudo_00100_c3_p9995.png
00581,00581.png,2,0.999525,99.95,D:\quantization-demo - Copy\test\00581.png,D:\quantization-demo - Copy\arguemted_data\2\pseudo_00581_c2_p9995.png
00567,00567.png,1,0.999525,99.95,D:\quantization-demo - Copy\test\00567.png,D:\quantization-demo - Copy\arguemted_data\1\pseudo_00567_c1_p9995.png
00170,00170.png,6,0.999521,99.95,D:\quantization-demo - Copy\test\00170.png,D:\quantization-demo - Copy\arguemted_data\6\pseudo_00170_c6_p9995.png
01391,01391.png,1,0.99952,99.95,D:\quantization-demo - Copy\test\01391.png,D:\quantization-demo - Copy\arguemted_data\1\pseudo_01391_c1_p9995.png
02641,02641.png,2,0.999509,99.95,D:\quantization-demo - Copy\test\02641.png,D:\quantization-demo - Copy\arguemted_data\2\pseudo_02641_c2_p9995.png
00179,00179.png,1,0.999508,99.95,D:\quantization-demo - Copy\test\00179.png,D:\quantization-demo - Copy\arguemted_data\1\pseudo_00179_c1_p9995.png
02354,02354.png,1,0.999499,99.95,D:\quantization-demo - Copy\test\02354.png,D:\quantization-demo - Copy\arguemted_data\1\pseudo_02354_c1_p9995.png
02273,02273.png,2,0.999498,99.95,D:\quantization-demo - Copy\test\02273.png,D:\quantization-demo - Copy\arguemted_data\2\pseudo_02273_c2_p9995.png
00460,00460.png,6,0.999494,99.95,D:\quantization-demo - Copy\test\00460.png,D:\quantization-demo - Copy\arguemted_data\6\pseudo_00460_c6_p9995.png
02806,02806.png,3,0.999488,99.95,D:\quantization-demo - Copy\test\02806.png,D:\quantization-demo - Copy\arguemted_data\3\pseudo_02806_c3_p9995.png
01196,01196.png,0,0.999481,99.95,D:\quantization-demo - Copy\test\01196.png,D:\quantization-demo - Copy\arguemted_data\0\pseudo_01196_c0_p9995.png
02338,02338.png,5,0.999479,99.95,D:\quantization-demo - Copy\test\02338.png,D:\quantization-demo - Copy\arguemted_data\5\pseudo_02338_c5_p9995.png
02922,02922.png,1,0.999477,99.95,D:\quantization-demo - Copy\test\02922.png,D:\quantization-demo - Copy\arguemted_data\1\pseudo_02922_c1_p9995.png
00655,00655.png,5,0.999456,99.95,D:\quantization-demo - Copy\test\00655.png,D:\quantization-demo - Copy\arguemted_data\5\pseudo_00655_c5_p9995.png
02221,02221.png,7,0.999447,99.94,D:\quantization-demo - Copy\test\02221.png,D:\quantization-demo - Copy\arguemted_data\7\pseudo_02221_c7_p9994.png
01805,01805.png,1,0.999444,99.94,D:\quantization-demo - Copy\test\01805.png,D:\quantization-demo - Copy\arguemted_data\1\pseudo_01805_c1_p9994.png
01797,01797.png,2,0.999442,99.94,D:\quantization-demo - Copy\test\01797.png,D:\quantization-demo - Copy\arguemted_data\2\pseudo_01797_c2_p9994.png
01911,01911.png,1,0.999441,99.94,D:\quantization-demo - Copy\test\01911.png,D:\quantization-demo - Copy\arguemted_data\1\pseudo_01911_c1_p9994.png
02303,02303.png,6,0.99944,99.94,D:\quantization-demo - Copy\test\02303.png,D:\quantization-demo - Copy\arguemted_data\6\pseudo_02303_c6_p9994.png
03021,03021.png,6,0.999432,99.94,D:\quantization-demo - Copy\test\03021.png,D:\quantization-demo - Copy\arguemted_data\6\pseudo_03021_c6_p9994.png
01770,01770.png,1,0.999427,99.94,D:\quantization-demo - Copy\test\01770.png,D:\quantization-demo - Copy\arguemted_data\1\pseudo_01770_c1_p9994.png
00142,00142.png,2,0.999416,99.94,D:\quantization-demo - Copy\test\00142.png,D:\quantization-demo - Copy\arguemted_data\2\pseudo_00142_c2_p9994.png
02279,02279.png,0,0.999413,99.94,D:\quantization-demo - Copy\test\02279.png,D:\quantization-demo - Copy\arguemted_data\0\pseudo_02279_c0_p9994.png
00591,00591.png,6,0.999413,99.94,D:\quantization-demo - Copy\test\00591.png,D:\quantization-demo - Copy\arguemted_data\6\pseudo_00591_c6_p9994.png
00020,00020.png,2,0.999411,99.94,D:\quantization-demo - Copy\test\00020.png,D:\quantization-demo - Copy\arguemted_data\2\pseudo_00020_c2_p9994.png
01978,01978.png,7,0.999403,99.94,D:\quantization-demo - Copy\test\01978.png,D:\quantization-demo - Copy\arguemted_data\7\pseudo_01978_c7_p9994.png
00885,00885.png,1,0.9994,99.94,D:\quantization-demo - Copy\test\00885.png,D:\quantization-demo - Copy\arguemted_data\1\pseudo_00885_c1_p9994.png
01103,01103.png,0,0.99939,99.94,D:\quantization-demo - Copy\test\01103.png,D:\quantization-demo - Copy\arguemted_data\0\pseudo_01103_c0_p9994.png
01988,01988.png,0,0.999388,99.94,D:\quantization-demo - Copy\test\01988.png,D:\quantization-demo - Copy\arguemted_data\0\pseudo_01988_c0_p9994.png
01114,01114.png,9,0.99938,99.94,D:\quantization-demo - Copy\test\01114.png,D:\quantization-demo - Copy\arguemted_data\9\pseudo_01114_c9_p9994.png
00056,00056.png,1,0.999341,99.93,D:\quantization-demo - Copy\test\00056.png,D:\quantization-demo - Copy\arguemted_data\1\pseudo_00056_c1_p9993.png
01712,01712.png,3,0.999335,99.93,D:\quantization-demo - Copy\test\01712.png,D:\quantization-demo - Copy\arguemted_data\3\pseudo_01712_c3_p9993.png
02718,02718.png,8,0.999328,99.93,D:\quantization-demo - Copy\test\02718.png,D:\quantization-demo - Copy\arguemted_data\8\pseudo_02718_c8_p9993.png
01288,01288.png,7,0.999321,99.93,D:\quantization-demo - Copy\test\01288.png,D:\quantization-demo - Copy\arguemted_data\7\pseudo_01288_c7_p9993.png
00218,00218.png,4,0.999316,99.93,D:\quantization-demo - Copy\test\00218.png,D:\quantization-demo - Copy\arguemted_data\4\pseudo_00218_c4_p9993.png
02359,02359.png,1,0.999315,99.93,D:\quantization-demo - Copy\test\02359.png,D:\quantization-demo - Copy\arguemted_data\1\pseudo_02359_c1_p9993.png
03079,03079.png,6,0.999276,99.93,D:\quantization-demo - Copy\test\03079.png,D:\quantization-demo - Copy\arguemted_data\6\pseudo_03079_c6_p9993.png
00048,00048.png,3,0.999208,99.92,D:\quantization-demo - Copy\test\00048.png,D:\quantization-demo - Copy\arguemted_data\3\pseudo_00048_c3_p9992.png
02629,02629.png,3,0.999204,99.92,D:\quantization-demo - Copy\test\02629.png,D:\quantization-demo - Copy\arguemted_data\3\pseudo_02629_c3_p9992.png
00649,00649.png,3,0.999202,99.92,D:\quantization-demo - Copy\test\00649.png,D:\quantization-demo - Copy\arguemted_data\3\pseudo_00649_c3_p9992.png
02171,02171.png,2,0.999196,99.92,D:\quantization-demo - Copy\test\02171.png,D:\quantization-demo - Copy\arguemted_data\2\pseudo_02171_c2_p9992.png
01265,01265.png,1,0.999191,99.92,D:\quantization-demo - Copy\test\01265.png,D:\quantization-demo - Copy\arguemted_data\1\pseudo_01265_c1_p9992.png
01556,01556.png,1,0.999179,99.92,D:\quantization-demo - Copy\test\01556.png,D:\quantization-demo - Copy\arguemted_data\1\pseudo_01556_c1_p9992.png
00500,00500.png,7,0.999153,99.92,D:\quantization-demo - Copy\test\00500.png,D:\quantization-demo - Copy\arguemted_data\7\pseudo_00500_c7_p9992.png
01050,01050.png,0,0.999135,99.91,D:\quantization-demo - Copy\test\01050.png,D:\quantization-demo - Copy\arguemted_data\0\pseudo_01050_c0_p9991.png
01135,01135.png,2,0.999126,99.91,D:\quantization-demo - Copy\test\01135.png,D:\quantization-demo - Copy\arguemted_data\2\pseudo_01135_c2_p9991.png
00800,00800.png,1,0.999116,99.91,D:\quantization-demo - Copy\test\00800.png,D:\quantization-demo - Copy\arguemted_data\1\pseudo_00800_c1_p9991.png
00916,00916.png,3,0.999113,99.91,D:\quantization-demo - Copy\test\00916.png,D:\quantization-demo - Copy\arguemted_data\3\pseudo_00916_c3_p9991.png
02851,02851.png,2,0.999096,99.91,D:\quantization-demo - Copy\test\02851.png,D:\quantization-demo - Copy\arguemted_data\2\pseudo_02851_c2_p9991.png
02677,02677.png,1,0.999079,99.91,D:\quantization-demo - Copy\test\02677.png,D:\quantization-demo - Copy\arguemted_data\1\pseudo_02677_c1_p9991.png
00222,00222.png,2,0.999062,99.91,D:\quantization-demo - Copy\test\00222.png,D:\quantization-demo - Copy\arguemted_data\2\pseudo_00222_c2_p9991.png
01547,01547.png,1,0.999007,99.9,D:\quantization-demo - Copy\test\01547.png,D:\quantization-demo - Copy\arguemted_data\1\pseudo_01547_c1_p9990.png
02878,02878.png,3,0.998991,99.9,D:\quantization-demo - Copy\test\02878.png,D:\quantization-demo - Copy\arguemted_data\3\pseudo_02878_c3_p9990.png
01765,01765.png,7,0.998985,99.9,D:\quantization-demo - Copy\test\01765.png,D:\quantization-demo - Copy\arguemted_data\7\pseudo_01765_c7_p9990.png
00065,00065.png,6,0.998969,99.9,D:\quantization-demo - Copy\test\00065.png,D:\quantization-demo - Copy\arguemted_data\6\pseudo_00065_c6_p9990.png
02957,02957.png,3,0.998945,99.89,D:\quantization-demo - Copy\test\02957.png,D:\quantization-demo - Copy\arguemted_data\3\pseudo_02957_c3_p9989.png
01192,01192.png,0,0.998922,99.89,D:\quantization-demo - Copy\test\01192.png,D:\quantization-demo - Copy\arguemted_data\0\pseudo_01192_c0_p9989.png
01206,01206.png,3,0.998918,99.89,D:\quantization-demo - Copy\test\01206.png,D:\quantization-demo - Copy\arguemted_data\3\pseudo_01206_c3_p9989.png
02098,02098.png,3,0.998885,99.89,D:\quantization-demo - Copy\test\02098.png,D:\quantization-demo - Copy\arguemted_data\3\pseudo_02098_c3_p9989.png
02023,02023.png,6,0.99886,99.89,D:\quantization-demo - Copy\test\02023.png,D:\quantization-demo - Copy\arguemted_data\6\pseudo_02023_c6_p9989.png
02606,02606.png,2,0.998838,99.88,D:\quantization-demo - Copy\test\02606.png,D:\quantization-demo - Copy\arguemted_data\2\pseudo_02606_c2_p9988.png
00424,00424.png,6,0.998831,99.88,D:\quantization-demo - Copy\test\00424.png,D:\quantization-demo - Copy\arguemted_data\6\pseudo_00424_c6_p9988.png
00240,00240.png,2,0.998786,99.88,D:\quantization-demo - Copy\test\00240.png,D:\quantization-demo - Copy\arguemted_data\2\pseudo_00240_c2_p9988.png
00315,00315.png,0,0.998782,99.88,D:\quantization-demo - Copy\test\00315.png,D:\quantization-demo - Copy\arguemted_data\0\pseudo_00315_c0_p9988.png
00464,00464.png,3,0.998773,99.88,D:\quantization-demo - Copy\test\00464.png,D:\quantization-demo - Copy\arguemted_data\3\pseudo_00464_c3_p9988.png
01738,01738.png,2,0.998771,99.88,D:\quantization-demo - Copy\test\01738.png,D:\quantization-demo - Copy\arguemted_data\2\pseudo_01738_c2_p9988.png
01195,01195.png,2,0.998763,99.88,D:\quantization-demo - Copy\test\01195.png,D:\quantization-demo - Copy\arguemted_data\2\pseudo_01195_c2_p9988.png
01185,01185.png,3,0.99876,99.88,D:\quantization-demo - Copy\test\01185.png,D:\quantization-demo - Copy\arguemted_data\3\pseudo_01185_c3_p9988.png
01055,01055.png,1,0.998758,99.88,D:\quantization-demo - Copy\test\01055.png,D:\quantization-demo - Copy\arguemted_data\1\pseudo_01055_c1_p9988.png
03045,03045.png,0,0.998728,99.87,D:\quantization-demo - Copy\test\03045.png,D:\quantization-demo - Copy\arguemted_data\0\pseudo_03045_c0_p9987.png
01861,01861.png,6,0.998688,99.87,D:\quantization-demo - Copy\test\01861.png,D:\quantization-demo - Copy\arguemted_data\6\pseudo_01861_c6_p9987.png
01116,01116.png,1,0.998687,99.87,D:\quantization-demo - Copy\test\01116.png,D:\quantization-demo - Copy\arguemted_data\1\pseudo_01116_c1_p9987.png
01241,01241.png,2,0.998681,99.87,D:\quantization-demo - Copy\test\01241.png,D:\quantization-demo - Copy\arguemted_data\2\pseudo_01241_c2_p9987.png
00736,00736.png,1,0.998673,99.87,D:\quantization-demo - Copy\test\00736.png,D:\quantization-demo - Copy\arguemted_data\1\pseudo_00736_c1_p9987.png
01023,01023.png,6,0.99866,99.87,D:\quantization-demo - Copy\test\01023.png,D:\quantization-demo - Copy\arguemted_data\6\pseudo_01023_c6_p9987.png
02425,02425.png,2,0.998625,99.86,D:\quantization-demo - Copy\test\02425.png,D:\quantization-demo - Copy\arguemted_data\2\pseudo_02425_c2_p9986.png
00425,00425.png,9,0.998601,99.86,D:\quantization-demo - Copy\test\00425.png,D:\quantization-demo - Copy\arguemted_data\9\pseudo_00425_c9_p9986.png
00351,00351.png,1,0.998566,99.86,D:\quantization-demo - Copy\test\00351.png,D:\quantization-demo - Copy\arguemted_data\1\pseudo_00351_c1_p9986.png
02979,02979.png,0,0.998564,99.86,D:\quantization-demo - Copy\test\02979.png,D:\quantization-demo - Copy\arguemted_data\0\pseudo_02979_c0_p9986.png
01422,01422.png,1,0.99855,99.85,D:\quantization-demo - Copy\test\01422.png,D:\quantization-demo - Copy\arguemted_data\1\pseudo_01422_c1_p9985.png
01004,01004.png,1,0.998545,99.85,D:\quantization-demo - Copy\test\01004.png,D:\quantization-demo - Copy\arguemted_data\1\pseudo_01004_c1_p9985.png
00366,00366.png,2,0.998503,99.85,D:\quantization-demo - Copy\test\00366.png,D:\quantization-demo - Copy\arguemted_data\2\pseudo_00366_c2_p9985.png
01334,01334.png,9,0.998488,99.85,D:\quantization-demo - Copy\test\01334.png,D:\quantization-demo - Copy\arguemted_data\9\pseudo_01334_c9_p9985.png
01936,01936.png,0,0.998486,99.85,D:\quantization-demo - Copy\test\01936.png,D:\quantization-demo - Copy\arguemted_data\0\pseudo_01936_c0_p9985.png
01429,01429.png,6,0.998474,99.85,D:\quantization-demo - Copy\test\01429.png,D:\quantization-demo - Copy\arguemted_data\6\pseudo_01429_c6_p9985.png
01368,01368.png,0,0.998472,99.85,D:\quantization-demo - Copy\test\01368.png,D:\quantization-demo - Copy\arguemted_data\0\pseudo_01368_c0_p9985.png
02163,02163.png,1,0.99847,99.85,D:\quantization-demo - Copy\test\02163.png,D:\quantization-demo - Copy\arguemted_data\1\pseudo_02163_c1_p9985.png
01398,01398.png,7,0.998422,99.84,D:\quantization-demo - Copy\test\01398.png,D:\quantization-demo - Copy\arguemted_data\7\pseudo_01398_c7_p9984.png
01053,01053.png,2,0.998355,99.84,D:\quantization-demo - Copy\test\01053.png,D:\quantization-demo - Copy\arguemted_data\2\pseudo_01053_c2_p9984.png
02097,02097.png,2,0.998355,99.84,D:\quantization-demo - Copy\test\02097.png,D:\quantization-demo - Copy\arguemted_data\2\pseudo_02097_c2_p9984.png
01957,01957.png,1,0.998348,99.83,D:\quantization-demo - Copy\test\01957.png,D:\quantization-demo - Copy\arguemted_data\1\pseudo_01957_c1_p9983.png
01251,01251.png,3,0.998347,99.83,D:\quantization-demo - Copy\test\01251.png,D:\quantization-demo - Copy\arguemted_data\3\pseudo_01251_c3_p9983.png
01494,01494.png,0,0.998347,99.83,D:\quantization-demo - Copy\test\01494.png,D:\quantization-demo - Copy\arguemted_data\0\pseudo_01494_c0_p9983.png
01874,01874.png,1,0.998334,99.83,D:\quantization-demo - Copy\test\01874.png,D:\quantization-demo - Copy\arguemted_data\1\pseudo_01874_c1_p9983.png
00205,00205.png,2,0.998198,99.82,D:\quantization-demo - Copy\test\00205.png,D:\quantization-demo - Copy\arguemted_data\2\pseudo_00205_c2_p9982.png
01465,01465.png,2,0.998141,99.81,D:\quantization-demo - Copy\test\01465.png,D:\quantization-demo - Copy\arguemted_data\2\pseudo_01465_c2_p9981.png
01260,01260.png,1,0.998139,99.81,D:\quantization-demo - Copy\test\01260.png,D:\quantization-demo - Copy\arguemted_data\1\pseudo_01260_c1_p9981.png
00198,00198.png,2,0.998137,99.81,D:\quantization-demo - Copy\test\00198.png,D:\quantization-demo - Copy\arguemted_data\2\pseudo_00198_c2_p9981.png
02728,02728.png,3,0.998121,99.81,D:\quantization-demo - Copy\test\02728.png,D:\quantization-demo - Copy\arguemted_data\3\pseudo_02728_c3_p9981.png
00221,00221.png,2,0.998119,99.81,D:\quantization-demo - Copy\test\00221.png,D:\quantization-demo - Copy\arguemted_data\2\pseudo_00221_c2_p9981.png
00307,00307.png,1,0.997983,99.8,D:\quantization-demo - Copy\test\00307.png,D:\quantization-demo - Copy\arguemted_data\1\pseudo_00307_c1_p9980.png
01487,01487.png,2,0.997877,99.79,D:\quantization-demo - Copy\test\01487.png,D:\quantization-demo - Copy\arguemted_data\2\pseudo_01487_c2_p9979.png
02464,02464.png,6,0.997858,99.79,D:\quantization-demo - Copy\test\02464.png,D:\quantization-demo - Copy\arguemted_data\6\pseudo_02464_c6_p9979.png
01027,01027.png,7,0.997842,99.78,D:\quantization-demo - Copy\test\01027.png,D:\quantization-demo - Copy\arguemted_data\7\pseudo_01027_c7_p9978.png
00407,00407.png,2,0.997838,99.78,D:\quantization-demo - Copy\test\00407.png,D:\quantization-demo - Copy\arguemted_data\2\pseudo_00407_c2_p9978.png
00947,00947.png,0,0.997793,99.78,D:\quantization-demo - Copy\test\00947.png,D:\quantization-demo - Copy\arguemted_data\0\pseudo_00947_c0_p9978.png
01058,01058.png,2,0.997784,99.78,D:\quantization-demo - Copy\test\01058.png,D:\quantization-demo - Copy\arguemted_data\2\pseudo_01058_c2_p9978.png
02626,02626.png,4,0.997774,99.78,D:\quantization-demo - Copy\test\02626.png,D:\quantization-demo - Copy\arguemted_data\4\pseudo_02626_c4_p9978.png
00458,00458.png,6,0.997744,99.77,D:\quantization-demo - Copy\test\00458.png,D:\quantization-demo - Copy\arguemted_data\6\pseudo_00458_c6_p9977.png
02364,02364.png,0,0.997718,99.77,D:\quantization-demo - Copy\test\02364.png,D:\quantization-demo - Copy\arguemted_data\0\pseudo_02364_c0_p9977.png
01764,01764.png,0,0.997679,99.77,D:\quantization-demo - Copy\test\01764.png,D:\quantization-demo - Copy\arguemted_data\0\pseudo_01764_c0_p9977.png
00869,00869.png,6,0.997652,99.77,D:\quantization-demo - Copy\test\00869.png,D:\quantization-demo - Copy\arguemted_data\6\pseudo_00869_c6_p9977.png
00406,00406.png,1,0.997647,99.76,D:\quantization-demo - Copy\test\00406.png,D:\quantization-demo - Copy\arguemted_data\1\pseudo_00406_c1_p9976.png
02753,02753.png,2,0.997646,99.76,D:\quantization-demo - Copy\test\02753.png,D:\quantization-demo - Copy\arguemted_data\2\pseudo_02753_c2_p9976.png
00332,00332.png,2,0.997602,99.76,D:\quantization-demo - Copy\test\00332.png,D:\quantization-demo - Copy\arguemted_data\2\pseudo_00332_c2_p9976.png
02593,02593.png,1,0.997601,99.76,D:\quantization-demo - Copy\test\02593.png,D:\quantization-demo - Copy\arguemted_data\1\pseudo_02593_c1_p9976.png
01235,01235.png,6,0.997563,99.76,D:\quantization-demo - Copy\test\01235.png,D:\quantization-demo - Copy\arguemted_data\6\pseudo_01235_c6_p9976.png
02748,02748.png,8,0.997546,99.75,D:\quantization-demo - Copy\test\02748.png,D:\quantization-demo - Copy\arguemted_data\8\pseudo_02748_c8_p9975.png
00013,00013.png,2,0.997537,99.75,D:\quantization-demo - Copy\test\00013.png,D:\quantization-demo - Copy\arguemted_data\2\pseudo_00013_c2_p9975.png
02706,02706.png,0,0.997535,99.75,D:\quantization-demo - Copy\test\02706.png,D:\quantization-demo - Copy\arguemted_data\0\pseudo_02706_c0_p9975.png
01583,01583.png,9,0.997535,99.75,D:\quantization-demo - Copy\test\01583.png,D:\quantization-demo - Copy\arguemted_data\9\pseudo_01583_c9_p9975.png
00755,00755.png,2,0.997529,99.75,D:\quantization-demo - Copy\test\00755.png,D:\quantization-demo - Copy\arguemted_data\2\pseudo_00755_c2_p9975.png
02318,02318.png,1,0.99752,99.75,D:\quantization-demo - Copy\test\02318.png,D:\quantization-demo - Copy\arguemted_data\1\pseudo_02318_c1_p9975.png
00472,00472.png,1,0.997446,99.74,D:\quantization-demo - Copy\test\00472.png,D:\quantization-demo - Copy\arguemted_data\1\pseudo_00472_c1_p9974.png
01351,01351.png,8,0.997443,99.74,D:\quantization-demo - Copy\test\01351.png,D:\quantization-demo - Copy\arguemted_data\8\pseudo_01351_c8_p9974.png
00621,00621.png,1,0.997436,99.74,D:\quantization-demo - Copy\test\00621.png,D:\quantization-demo - Copy\arguemted_data\1\pseudo_00621_c1_p9974.png
02726,02726.png,4,0.997379,99.74,D:\quantization-demo - Copy\test\02726.png,D:\quantization-demo - Copy\arguemted_data\4\pseudo_02726_c4_p9974.png
02045,02045.png,2,0.997289,99.73,D:\quantization-demo - Copy\test\02045.png,D:\quantization-demo - Copy\arguemted_data\2\pseudo_02045_c2_p9973.png
02967,02967.png,2,0.997255,99.73,D:\quantization-demo - Copy\test\02967.png,D:\quantization-demo - Copy\arguemted_data\2\pseudo_02967_c2_p9973.png
01775,01775.png,4,0.99711,99.71,D:\quantization-demo - Copy\test\01775.png,D:\quantization-demo - Copy\arguemted_data\4\pseudo_01775_c4_p9971.png
01134,01134.png,1,0.997071,99.71,D:\quantization-demo - Copy\test\01134.png,D:\quantization-demo - Copy\arguemted_data\1\pseudo_01134_c1_p9971.png
02683,02683.png,0,0.997033,99.7,D:\quantization-demo - Copy\test\02683.png,D:\quantization-demo - Copy\arguemted_data\0\pseudo_02683_c0_p9970.png
00409,00409.png,1,0.997031,99.7,D:\quantization-demo - Copy\test\00409.png,D:\quantization-demo - Copy\arguemted_data\1\pseudo_00409_c1_p9970.png
02254,02254.png,1,0.996843,99.68,D:\quantization-demo - Copy\test\02254.png,D:\quantization-demo - Copy\arguemted_data\1\pseudo_02254_c1_p9968.png
00342,00342.png,1,0.996836,99.68,D:\quantization-demo - Copy\test\00342.png,D:\quantization-demo - Copy\arguemted_data\1\pseudo_00342_c1_p9968.png
00370,00370.png,1,0.996768,99.68,D:\quantization-demo - Copy\test\00370.png,D:\quantization-demo - Copy\arguemted_data\1\pseudo_00370_c1_p9968.png
02242,02242.png,1,0.996763,99.68,D:\quantization-demo - Copy\test\02242.png,D:\quantization-demo - Copy\arguemted_data\1\pseudo_02242_c1_p9968.png
00433,00433.png,2,0.996749,99.67,D:\quantization-demo - Copy\test\00433.png,D:\quantization-demo - Copy\arguemted_data\2\pseudo_00433_c2_p9967.png
00109,00109.png,1,0.996593,99.66,D:\quantization-demo - Copy\test\00109.png,D:\quantization-demo - Copy\arguemted_data\1\pseudo_00109_c1_p9966.png
01731,01731.png,6,0.99657,99.66,D:\quantization-demo - Copy\test\01731.png,D:\quantization-demo - Copy\arguemted_data\6\pseudo_01731_c6_p9966.png
02334,02334.png,4,0.996548,99.65,D:\quantization-demo - Copy\test\02334.png,D:\quantization-demo - Copy\arguemted_data\4\pseudo_02334_c4_p9965.png
00273,00273.png,0,0.996501,99.65,D:\quantization-demo - Copy\test\00273.png,D:\quantization-demo - Copy\arguemted_data\0\pseudo_00273_c0_p9965.png
01017,01017.png,2,0.9964,99.64,D:\quantization-demo - Copy\test\01017.png,D:\quantization-demo - Copy\arguemted_data\2\pseudo_01017_c2_p9964.png
00139,00139.png,1,0.996374,99.64,D:\quantization-demo - Copy\test\00139.png,D:\quantization-demo - Copy\arguemted_data\1\pseudo_00139_c1_p9964.png
00654,00654.png,1,0.996323,99.63,D:\quantization-demo - Copy\test\00654.png,D:\quantization-demo - Copy\arguemted_data\1\pseudo_00654_c1_p9963.png
00564,00564.png,6,0.996299,99.63,D:\quantization-demo - Copy\test\00564.png,D:\quantization-demo - Copy\arguemted_data\6\pseudo_00564_c6_p9963.png
00316,00316.png,1,0.996242,99.62,D:\quantization-demo - Copy\test\00316.png,D:\quantization-demo - Copy\arguemted_data\1\pseudo_00316_c1_p9962.png
01606,01606.png,6,0.996235,99.62,D:\quantization-demo - Copy\test\01606.png,D:\quantization-demo - Copy\arguemted_data\6\pseudo_01606_c6_p9962.png
00596,00596.png,2,0.996226,99.62,D:\quantization-demo - Copy\test\00596.png,D:\quantization-demo - Copy\arguemted_data\2\pseudo_00596_c2_p9962.png
01614,01614.png,0,0.996135,99.61,D:\quantization-demo - Copy\test\01614.png,D:\quantization-demo - Copy\arguemted_data\0\pseudo_01614_c0_p9961.png
00210,00210.png,6,0.996039,99.6,D:\quantization-demo - Copy\test\00210.png,D:\quantization-demo - Copy\arguemted_data\6\pseudo_00210_c6_p9960.png
02028,02028.png,1,0.996027,99.6,D:\quantization-demo - Copy\test\02028.png,D:\quantization-demo - Copy\arguemted_data\1\pseudo_02028_c1_p9960.png
01474,01474.png,2,0.995598,99.56,D:\quantization-demo - Copy\test\01474.png,D:\quantization-demo - Copy\arguemted_data\2\pseudo_01474_c2_p9956.png
01756,01756.png,3,0.995596,99.56,D:\quantization-demo - Copy\test\01756.png,D:\quantization-demo - Copy\arguemted_data\3\pseudo_01756_c3_p9956.png
00067,00067.png,1,0.995516,99.55,D:\quantization-demo - Copy\test\00067.png,D:\quantization-demo - Copy\arguemted_data\1\pseudo_00067_c1_p9955.png
00480,00480.png,0,0.995417,99.54,D:\quantization-demo - Copy\test\00480.png,D:\quantization-demo - Copy\arguemted_data\0\pseudo_00480_c0_p9954.png
01361,01361.png,0,0.995275,99.53,D:\quantization-demo - Copy\test\01361.png,D:\quantization-demo - Copy\arguemted_data\0\pseudo_01361_c0_p9953.png
00275,00275.png,8,0.995208,99.52,D:\quantization-demo - Copy\test\00275.png,D:\quantization-demo - Copy\arguemted_data\8\pseudo_00275_c8_p9952.png
03024,03024.png,1,0.995204,99.52,D:\quantization-demo - Copy\test\03024.png,D:\quantization-demo - Copy\arguemted_data\1\pseudo_03024_c1_p9952.png
01688,01688.png,6,0.995139,99.51,D:\quantization-demo - Copy\test\01688.png,D:\quantization-demo - Copy\arguemted_data\6\pseudo_01688_c6_p9951.png
00590,00590.png,5,0.99506,99.51,D:\quantization-demo - Copy\test\00590.png,D:\quantization-demo - Copy\arguemted_data\5\pseudo_00590_c5_p9951.png
02547,02547.png,2,0.995018,99.5,D:\quantization-demo - Copy\test\02547.png,D:\quantization-demo - Copy\arguemted_data\2\pseudo_02547_c2_p9950.png
02153,02153.png,1,0.994967,99.5,D:\quantization-demo - Copy\test\02153.png,D:\quantization-demo - Copy\arguemted_data\1\pseudo_02153_c1_p9950.png
00930,00930.png,0,0.994951,99.5,D:\quantization-demo - Copy\test\00930.png,D:\quantization-demo - Copy\arguemted_data\0\pseudo_00930_c0_p9950.png
00498,00498.png,0,0.994885,99.49,D:\quantization-demo - Copy\test\00498.png,D:\quantization-demo - Copy\arguemted_data\0\pseudo_00498_c0_p9949.png
02829,02829.png,1,0.994854,99.49,D:\quantization-demo - Copy\test\02829.png,D:\quantization-demo - Copy\arguemted_data\1\pseudo_02829_c1_p9949.png
02282,02282.png,1,0.99474,99.47,D:\quantization-demo - Copy\test\02282.png,D:\quantization-demo - Copy\arguemted_data\1\pseudo_02282_c1_p9947.png
01448,01448.png,4,0.994717,99.47,D:\quantization-demo - Copy\test\01448.png,D:\quantization-demo - Copy\arguemted_data\4\pseudo_01448_c4_p9947.png
01127,01127.png,1,0.994545,99.45,D:\quantization-demo - Copy\test\01127.png,D:\quantization-demo - Copy\arguemted_data\1\pseudo_01127_c1_p9945.png
02802,02802.png,1,0.994311,99.43,D:\quantization-demo - Copy\test\02802.png,D:\quantization-demo - Copy\arguemted_data\1\pseudo_02802_c1_p9943.png
00290,00290.png,6,0.994115,99.41,D:\quantization-demo - Copy\test\00290.png,D:\quantization-demo - Copy\arguemted_data\6\pseudo_00290_c6_p9941.png
00043,00043.png,2,0.994111,99.41,D:\quantization-demo - Copy\test\00043.png,D:\quantization-demo - Copy\arguemted_data\2\pseudo_00043_c2_p9941.png
03086,03086.png,1,0.994015,99.4,D:\quantization-demo - Copy\test\03086.png,D:\quantization-demo - Copy\arguemted_data\1\pseudo_03086_c1_p9940.png
00123,00123.png,1,0.993947,99.39,D:\quantization-demo - Copy\test\00123.png,D:\quantization-demo - Copy\arguemted_data\1\pseudo_00123_c1_p9939.png
02498,02498.png,2,0.99394,99.39,D:\quantization-demo - Copy\test\02498.png,D:\quantization-demo - Copy\arguemted_data\2\pseudo_02498_c2_p9939.png
01709,01709.png,1,0.993808,99.38,D:\quantization-demo - Copy\test\01709.png,D:\quantization-demo - Copy\arguemted_data\1\pseudo_01709_c1_p9938.png
01973,01973.png,3,0.993718,99.37,D:\quantization-demo - Copy\test\01973.png,D:\quantization-demo - Copy\arguemted_data\3\pseudo_01973_c3_p9937.png
00519,00519.png,0,0.993666,99.37,D:\quantization-demo - Copy\test\00519.png,D:\quantization-demo - Copy\arguemted_data\0\pseudo_00519_c0_p9937.png
00557,00557.png,6,0.993163,99.32,D:\quantization-demo - Copy\test\00557.png,D:\quantization-demo - Copy\arguemted_data\6\pseudo_00557_c6_p9932.png
01483,01483.png,6,0.992897,99.29,D:\quantization-demo - Copy\test\01483.png,D:\quantization-demo - Copy\arguemted_data\6\pseudo_01483_c6_p9929.png
00969,00969.png,1,0.992896,99.29,D:\quantization-demo - Copy\test\00969.png,D:\quantization-demo - Copy\arguemted_data\1\pseudo_00969_c1_p9929.png
00141,00141.png,4,0.992831,99.28,D:\quantization-demo - Copy\test\00141.png,D:\quantization-demo - Copy\arguemted_data\4\pseudo_00141_c4_p9928.png
00491,00491.png,0,0.992762,99.28,D:\quantization-demo - Copy\test\00491.png,D:\quantization-demo - Copy\arguemted_data\0\pseudo_00491_c0_p9928.png
00805,00805.png,6,0.992708,99.27,D:\quantization-demo - Copy\test\00805.png,D:\quantization-demo - Copy\arguemted_data\6\pseudo_00805_c6_p9927.png
00343,00343.png,3,0.99266,99.27,D:\quantization-demo - Copy\test\00343.png,D:\quantization-demo - Copy\arguemted_data\3\pseudo_00343_c3_p9927.png
02073,02073.png,0,0.992655,99.27,D:\quantization-demo - Copy\test\02073.png,D:\quantization-demo - Copy\arguemted_data\0\pseudo_02073_c0_p9927.png
01451,01451.png,0,0.992539,99.25,D:\quantization-demo - Copy\test\01451.png,D:\quantization-demo - Copy\arguemted_data\0\pseudo_01451_c0_p9925.png
02358,02358.png,1,0.992412,99.24,D:\quantization-demo - Copy\test\02358.png,D:\quantization-demo - Copy\arguemted_data\1\pseudo_02358_c1_p9924.png
01778,01778.png,1,0.992093,99.21,D:\quantization-demo - Copy\test\01778.png,D:\quantization-demo - Copy\arguemted_data\1\pseudo_01778_c1_p9921.png
02250,02250.png,1,0.991934,99.19,D:\quantization-demo - Copy\test\02250.png,D:\quantization-demo - Copy\arguemted_data\1\pseudo_02250_c1_p9919.png
02115,02115.png,3,0.991931,99.19,D:\quantization-demo - Copy\test\02115.png,D:\quantization-demo - Copy\arguemted_data\3\pseudo_02115_c3_p9919.png
00836,00836.png,1,0.991619,99.16,D:\quantization-demo - Copy\test\00836.png,D:\quantization-demo - Copy\arguemted_data\1\pseudo_00836_c1_p9916.png
01840,01840.png,1,0.991617,99.16,D:\quantization-demo - Copy\test\01840.png,D:\quantization-demo - Copy\arguemted_data\1\pseudo_01840_c1_p9916.png
00891,00891.png,1,0.991466,99.15,D:\quantization-demo - Copy\test\00891.png,D:\quantization-demo - Copy\arguemted_data\1\pseudo_00891_c1_p9915.png
01972,01972.png,6,0.991162,99.12,D:\quantization-demo - Copy\test\01972.png,D:\quantization-demo - Copy\arguemted_data\6\pseudo_01972_c6_p9912.png
01993,01993.png,9,0.991033,99.1,D:\quantization-demo - Copy\test\01993.png,D:\quantization-demo - Copy\arguemted_data\9\pseudo_01993_c9_p9910.png
00118,00118.png,6,0.990744,99.07,D:\quantization-demo - Copy\test\00118.png,D:\quantization-demo - Copy\arguemted_data\6\pseudo_00118_c6_p9907.png
02740,02740.png,1,0.990594,99.06,D:\quantization-demo - Copy\test\02740.png,D:\quantization-demo - Copy\arguemted_data\1\pseudo_02740_c1_p9906.png
00256,00256.png,2,0.990425,99.04,D:\quantization-demo - Copy\test\00256.png,D:\quantization-demo - Copy\arguemted_data\2\pseudo_00256_c2_p9904.png
00874,00874.png,1,0.990299,99.03,D:\quantization-demo - Copy\test\00874.png,D:\quantization-demo - Copy\arguemted_data\1\pseudo_00874_c1_p9903.png
01113,01113.png,1,0.990279,99.03,D:\quantization-demo - Copy\test\01113.png,D:\quantization-demo - Copy\arguemted_data\1\pseudo_01113_c1_p9903.png
01552,01552.png,6,0.989799,98.98,D:\quantization-demo - Copy\test\01552.png,D:\quantization-demo - Copy\arguemted_data\6\pseudo_01552_c6_p9898.png
00908,00908.png,1,0.989747,98.97,D:\quantization-demo - Copy\test\00908.png,D:\quantization-demo - Copy\arguemted_data\1\pseudo_00908_c1_p9897.png
01110,01110.png,0,0.989267,98.93,D:\quantization-demo - Copy\test\01110.png,D:\quantization-demo - Copy\arguemted_data\0\pseudo_01110_c0_p9893.png
01590,01590.png,5,0.988958,98.9,D:\quantization-demo - Copy\test\01590.png,D:\quantization-demo - Copy\arguemted_data\5\pseudo_01590_c5_p9890.png
01307,01307.png,1,0.988952,98.9,D:\quantization-demo - Copy\test\01307.png,D:\quantization-demo - Copy\arguemted_data\1\pseudo_01307_c1_p9890.png
00509,00509.png,1,0.988948,98.89,D:\quantization-demo - Copy\test\00509.png,D:\quantization-demo - Copy\arguemted_data\1\pseudo_00509_c1_p9889.png
02730,02730.png,0,0.988876,98.89,D:\quantization-demo - Copy\test\02730.png,D:\quantization-demo - Copy\arguemted_data\0\pseudo_02730_c0_p9889.png
02466,02466.png,2,0.988616,98.86,D:\quantization-demo - Copy\test\02466.png,D:\quantization-demo - Copy\arguemted_data\2\pseudo_02466_c2_p9886.png
01094,01094.png,3,0.988436,98.84,D:\quantization-demo - Copy\test\01094.png,D:\quantization-demo - Copy\arguemted_data\3\pseudo_01094_c3_p9884.png
02650,02650.png,1,0.98791,98.79,D:\quantization-demo - Copy\test\02650.png,D:\quantization-demo - Copy\arguemted_data\1\pseudo_02650_c1_p9879.png
01090,01090.png,6,0.987491,98.75,D:\quantization-demo - Copy\test\01090.png,D:\quantization-demo - Copy\arguemted_data\6\pseudo_01090_c6_p9875.png
01896,01896.png,1,0.987346,98.73,D:\quantization-demo - Copy\test\01896.png,D:\quantization-demo - Copy\arguemted_data\1\pseudo_01896_c1_p9873.png
00749,00749.png,1,0.987311,98.73,D:\quantization-demo - Copy\test\00749.png,D:\quantization-demo - Copy\arguemted_data\1\pseudo_00749_c1_p9873.png
00022,00022.png,1,0.987076,98.71,D:\quantization-demo - Copy\test\00022.png,D:\quantization-demo - Copy\arguemted_data\1\pseudo_00022_c1_p9871.png
01809,01809.png,1,0.986036,98.6,D:\quantization-demo - Copy\test\01809.png,D:\quantization-demo - Copy\arguemted_data\1\pseudo_01809_c1_p9860.png
02460,02460.png,3,0.985851,98.59,D:\quantization-demo - Copy\test\02460.png,D:\quantization-demo - Copy\arguemted_data\3\pseudo_02460_c3_p9859.png
02087,02087.png,9,0.985597,98.56,D:\quantization-demo - Copy\test\02087.png,D:\quantization-demo - Copy\arguemted_data\9\pseudo_02087_c9_p9856.png
00183,00183.png,2,0.98427,98.43,D:\quantization-demo - Copy\test\00183.png,D:\quantization-demo - Copy\arguemted_data\2\pseudo_00183_c2_p9843.png
02007,02007.png,2,0.98408,98.41,D:\quantization-demo - Copy\test\02007.png,D:\quantization-demo - Copy\arguemted_data\2\pseudo_02007_c2_p9841.png
02293,02293.png,2,0.984004,98.4,D:\quantization-demo - Copy\test\02293.png,D:\quantization-demo - Copy\arguemted_data\2\pseudo_02293_c2_p9840.png
01898,01898.png,2,0.98398,98.4,D:\quantization-demo - Copy\test\01898.png,D:\quantization-demo - Copy\arguemted_data\2\pseudo_01898_c2_p9840.png
00729,00729.png,2,0.982996,98.3,D:\quantization-demo - Copy\test\00729.png,D:\quantization-demo - Copy\arguemted_data\2\pseudo_00729_c2_p9830.png
02083,02083.png,6,0.982687,98.27,D:\quantization-demo - Copy\test\02083.png,D:\quantization-demo - Copy\arguemted_data\6\pseudo_02083_c6_p9827.png
02830,02830.png,1,0.982473,98.25,D:\quantization-demo - Copy\test\02830.png,D:\quantization-demo - Copy\arguemted_data\1\pseudo_02830_c1_p9825.png
01653,01653.png,0,0.981857,98.19,D:\quantization-demo - Copy\test\01653.png,D:\quantization-demo - Copy\arguemted_data\0\pseudo_01653_c0_p9819.png
01602,01602.png,2,0.980976,98.1,D:\quantization-demo - Copy\test\01602.png,D:\quantization-demo - Copy\arguemted_data\2\pseudo_01602_c2_p9810.png
01723,01723.png,4,0.980251,98.03,D:\quantization-demo - Copy\test\01723.png,D:\quantization-demo - Copy\arguemted_data\4\pseudo_01723_c4_p9803.png
02216,02216.png,0,0.978827,97.88,D:\quantization-demo - Copy\test\02216.png,D:\quantization-demo - Copy\arguemted_data\0\pseudo_02216_c0_p9788.png
01377,01377.png,6,0.978404,97.84,D:\quantization-demo - Copy\test\01377.png,D:\quantization-demo - Copy\arguemted_data\6\pseudo_01377_c6_p9784.png
01402,01402.png,9,0.977721,97.77,D:\quantization-demo - Copy\test\01402.png,D:\quantization-demo - Copy\arguemted_data\9\pseudo_01402_c9_p9777.png
01230,01230.png,9,0.977557,97.76,D:\quantization-demo - Copy\test\01230.png,D:\quantization-demo - Copy\arguemted_data\9\pseudo_01230_c9_p9776.png
00309,00309.png,1,0.977301,97.73,D:\quantization-demo - Copy\test\00309.png,D:\quantization-demo - Copy\arguemted_data\1\pseudo_00309_c1_p9773.png
03083,03083.png,5,0.976888,97.69,D:\quantization-demo - Copy\test\03083.png,D:\quantization-demo - Copy\arguemted_data\5\pseudo_03083_c5_p9769.png
00528,00528.png,2,0.976725,97.67,D:\quantization-demo - Copy\test\00528.png,D:\quantization-demo - Copy\arguemted_data\2\pseudo_00528_c2_p9767.png
01337,01337.png,6,0.97609,97.61,D:\quantization-demo - Copy\test\01337.png,D:\quantization-demo - Copy\arguemted_data\6\pseudo_01337_c6_p9761.png
00642,00642.png,2,0.974461,97.45,D:\quantization-demo - Copy\test\00642.png,D:\quantization-demo - Copy\arguemted_data\2\pseudo_00642_c2_p9745.png
01538,01538.png,6,0.973937,97.39,D:\quantization-demo - Copy\test\01538.png,D:\quantization-demo - Copy\arguemted_data\6\pseudo_01538_c6_p9739.png
02870,02870.png,6,0.972702,97.27,D:\quantization-demo - Copy\test\02870.png,D:\quantization-demo - Copy\arguemted_data\6\pseudo_02870_c6_p9727.png
01815,01815.png,6,0.971843,97.18,D:\quantization-demo - Copy\test\01815.png,D:\quantization-demo - Copy\arguemted_data\6\pseudo_01815_c6_p9718.png
00426,00426.png,0,0.970411,97.04,D:\quantization-demo - Copy\test\00426.png,D:\quantization-demo - Copy\arguemted_data\0\pseudo_00426_c0_p9704.png
00668,00668.png,8,0.969652,96.97,D:\quantization-demo - Copy\test\00668.png,D:\quantization-demo - Copy\arguemted_data\8\pseudo_00668_c8_p9697.png
02032,02032.png,0,0.969496,96.95,D:\quantization-demo - Copy\test\02032.png,D:\quantization-demo - Copy\arguemted_data\0\pseudo_02032_c0_p9695.png
01221,01221.png,0,0.967864,96.79,D:\quantization-demo - Copy\test\01221.png,D:\quantization-demo - Copy\arguemted_data\0\pseudo_01221_c0_p9679.png
00282,00282.png,6,0.96495,96.49,D:\quantization-demo - Copy\test\00282.png,D:\quantization-demo - Copy\arguemted_data\6\pseudo_00282_c6_p9649.png
02950,02950.png,5,0.962838,96.28,D:\quantization-demo - Copy\test\02950.png,D:\quantization-demo - Copy\arguemted_data\5\pseudo_02950_c5_p9628.png
01675,01675.png,2,0.961993,96.2,D:\quantization-demo - Copy\test\01675.png,D:\quantization-demo - Copy\arguemted_data\2\pseudo_01675_c2_p9620.png
01839,01839.png,8,0.961448,96.14,D:\quantization-demo - Copy\test\01839.png,D:\quantization-demo - Copy\arguemted_data\8\pseudo_01839_c8_p9614.png
02744,02744.png,6,0.954235,95.42,D:\quantization-demo - Copy\test\02744.png,D:\quantization-demo - Copy\arguemted_data\6\pseudo_02744_c6_p9542.png
02288,02288.png,2,0.944963,94.5,D:\quantization-demo - Copy\test\02288.png,D:\quantization-demo - Copy\arguemted_data\2\pseudo_02288_c2_p9450.png
00209,00209.png,4,0.944907,94.49,D:\quantization-demo - Copy\test\00209.png,D:\quantization-demo - Copy\arguemted_data\4\pseudo_00209_c4_p9449.png
00436,00436.png,7,0.936427,93.64,D:\quantization-demo - Copy\test\00436.png,D:\quantization-demo - Copy\arguemted_data\7\pseudo_00436_c7_p9364.png
01128,01128.png,5,0.934723,93.47,D:\quantization-demo - Copy\test\01128.png,D:\quantization-demo - Copy\arguemted_data\5\pseudo_01128_c5_p9347.png
00511,00511.png,3,0.921363,92.14,D:\quantization-demo - Copy\test\00511.png,D:\quantization-demo - Copy\arguemted_data\3\pseudo_00511_c3_p9214.png
02019,02019.png,0,0.915803,91.58,D:\quantization-demo - Copy\test\02019.png,D:\quantization-demo - Copy\arguemted_data\0\pseudo_02019_c0_p9158.png
01375,01375.png,2,0.910986,91.1,D:\quantization-demo - Copy\test\01375.png,D:\quantization-demo - Copy\arguemted_data\2\pseudo_01375_c2_p9110.png
00902,00902.png,8,0.91004,91.0,D:\quantization-demo - Copy\test\00902.png,D:\quantization-demo - Copy\arguemted_data\8\pseudo_00902_c8_p9100.png
03046,03046.png,2,0.909585,90.96,D:\quantization-demo - Copy\test\03046.png,D:\quantization-demo - Copy\arguemted_data\2\pseudo_03046_c2_p9096.png
02839,02839.png,1,0.907627,90.76,D:\quantization-demo - Copy\test\02839.png,D:\quantization-demo - Copy\arguemted_data\1\pseudo_02839_c1_p9076.png
00881,00881.png,2,0.900545,90.05,D:\quantization-demo - Copy\test\00881.png,D:\quantization-demo - Copy\arguemted_data\2\pseudo_00881_c2_p9005.png
02609,02609.png,6,0.892275,89.23,D:\quantization-demo - Copy\test\02609.png,D:\quantization-demo - Copy\arguemted_data\6\pseudo_02609_c6_p8923.png
02923,02923.png,4,0.881598,88.16,D:\quantization-demo - Copy\test\02923.png,D:\quantization-demo - Copy\arguemted_data\4\pseudo_02923_c4_p8816.png
02276,02276.png,1,0.868294,86.83,D:\quantization-demo - Copy\test\02276.png,D:\quantization-demo - Copy\arguemted_data\1\pseudo_02276_c1_p8683.png
02022,02022.png,0,0.854634,85.46,D:\quantization-demo - Copy\test\02022.png,D:\quantization-demo - Copy\arguemted_data\0\pseudo_02022_c0_p8546.png
01829,01829.png,3,0.854597,85.46,D:\quantization-demo - Copy\test\01829.png,D:\quantization-demo - Copy\arguemted_data\3\pseudo_01829_c3_p8546.png
01818,01818.png,8,0.854299,85.43,D:\quantization-demo - Copy\test\01818.png,D:\quantization-demo - Copy\arguemted_data\8\pseudo_01818_c8_p8543.png
00565,00565.png,2,0.847545,84.75,D:\quantization-demo - Copy\test\00565.png,D:\quantization-demo - Copy\arguemted_data\2\pseudo_00565_c2_p8475.png
01200,01200.png,1,0.836681,83.67,D:\quantization-demo - Copy\test\01200.png,D:\quantization-demo - Copy\arguemted_data\1\pseudo_01200_c1_p8367.png
00678,00678.png,1,0.811123,81.11,D:\quantization-demo - Copy\test\00678.png,D:\quantization-demo - Copy\arguemted_data\1\pseudo_00678_c1_p8111.png
02091,02091.png,0,0.804525,80.45,D:\quantization-demo - Copy\test\02091.png,D:\quantization-demo - Copy\arguemted_data\0\pseudo_02091_c0_p8045.png
01098,01098.png,2,0.802843,80.28,D:\quantization-demo - Copy\test\01098.png,D:\quantization-demo - Copy\arguemted_data\2\pseudo_01098_c2_p8028.png
00191,00191.png,0,0.802553,80.26,D:\quantization-demo - Copy\test\00191.png,D:\quantization-demo - Copy\arguemted_data\0\pseudo_00191_c0_p8026.png
01868,01868.png,3,0.785061,78.51,D:\quantization-demo - Copy\test\01868.png,D:\quantization-demo - Copy\arguemted_data\3\pseudo_01868_c3_p7851.png
01924,01924.png,1,0.753993,75.4,D:\quantization-demo - Copy\test\01924.png,D:\quantization-demo - Copy\arguemted_data\1\pseudo_01924_c1_p7540.png
00297,00297.png,1,0.749103,74.91,D:\quantization-demo - Copy\test\00297.png,D:\quantization-demo - Copy\arguemted_data\1\pseudo_00297_c1_p7491.png
01624,01624.png,1,0.739606,73.96,D:\quantization-demo - Copy\test\01624.png,D:\quantization-demo - Copy\arguemted_data\1\pseudo_01624_c1_p7396.png
01437,01437.png,4,0.732706,73.27,D:\quantization-demo - Copy\test\01437.png,D:\quantization-demo - Copy\arguemted_data\4\pseudo_01437_c4_p7327.png
00685,00685.png,6,0.703987,70.4,D:\quantization-demo - Copy\test\00685.png,D:\quantization-demo - Copy\arguemted_data\6\pseudo_00685_c6_p7040.png
00229,00229.png,9,0.697096,69.71,D:\quantization-demo - Copy\test\00229.png,D:\quantization-demo - Copy\arguemted_data\9\pseudo_00229_c9_p6971.png
02545,02545.png,1,0.693958,69.4,D:\quantization-demo - Copy\test\02545.png,D:\quantization-demo - Copy\arguemted_data\1\pseudo_02545_c1_p6940.png
02948,02948.png,3,0.677033,67.7,D:\quantization-demo - Copy\test\02948.png,D:\quantization-demo - Copy\arguemted_data\3\pseudo_02948_c3_p6770.png
00479,00479.png,3,0.662795,66.28,D:\quantization-demo - Copy\test\00479.png,D:\quantization-demo - Copy\arguemted_data\3\pseudo_00479_c3_p6628.png
02994,02994.png,2,0.622641,62.26,D:\quantization-demo - Copy\test\02994.png,D:\quantization-demo - Copy\arguemted_data\2\pseudo_02994_c2_p6226.png
